/*
 Navicat Premium Data Transfer

 Source Server         : localhost
 Source Server Type    : MySQL
 Source Server Version : 50728
 Source Host           : localhost:3306
 Source Schema         : ry

 Target Server Type    : MySQL
 Target Server Version : 50728
 File Encoding         : 65001

 Date: 18/06/2020 19:52:40
*/

SET NAMES utf8mb4;
SET FOREIGN_KEY_CHECKS = 0;

-- ----------------------------
-- Table structure for act_assignee
-- ----------------------------
DROP TABLE IF EXISTS `act_assignee`;
CREATE TABLE `act_assignee`  (
  `id` bigint(20) NOT NULL AUTO_INCREMENT COMMENT 'id',
  `sid` varchar(255) CHARACTER SET utf8 COLLATE utf8_general_ci NULL DEFAULT NULL COMMENT '节点id',
  `deployment_id` varchar(255) CHARACTER SET utf8 COLLATE utf8_general_ci NULL DEFAULT NULL COMMENT '流程id',
  `role_id` varchar(255) CHARACTER SET utf8 COLLATE utf8_general_ci NULL DEFAULT NULL COMMENT '候选组(角色)',
  `assignee_type` int(11) NULL DEFAULT NULL COMMENT '办理人类型1办理人2候选人3组',
  `activti_name` varchar(255) CHARACTER SET utf8 COLLATE utf8_general_ci NULL DEFAULT NULL COMMENT '节点名称',
  PRIMARY KEY (`id`) USING BTREE
) ENGINE = InnoDB AUTO_INCREMENT = 1 CHARACTER SET = utf8 COLLATE = utf8_general_ci COMMENT = '流程节点设置表' ROW_FORMAT = Dynamic;

-- ----------------------------
-- Table structure for act_evt_log
-- ----------------------------
DROP TABLE IF EXISTS `act_evt_log`;
CREATE TABLE `act_evt_log`  (
  `LOG_NR_` bigint(20) NOT NULL AUTO_INCREMENT,
  `TYPE_` varchar(64) CHARACTER SET utf8 COLLATE utf8_bin NULL DEFAULT NULL,
  `PROC_DEF_ID_` varchar(64) CHARACTER SET utf8 COLLATE utf8_bin NULL DEFAULT NULL,
  `PROC_INST_ID_` varchar(64) CHARACTER SET utf8 COLLATE utf8_bin NULL DEFAULT NULL,
  `EXECUTION_ID_` varchar(64) CHARACTER SET utf8 COLLATE utf8_bin NULL DEFAULT NULL,
  `TASK_ID_` varchar(64) CHARACTER SET utf8 COLLATE utf8_bin NULL DEFAULT NULL,
  `TIME_STAMP_` timestamp(3) NOT NULL DEFAULT CURRENT_TIMESTAMP(3) ON UPDATE CURRENT_TIMESTAMP(3),
  `USER_ID_` varchar(255) CHARACTER SET utf8 COLLATE utf8_bin NULL DEFAULT NULL,
  `DATA_` longblob NULL,
  `LOCK_OWNER_` varchar(255) CHARACTER SET utf8 COLLATE utf8_bin NULL DEFAULT NULL,
  `LOCK_TIME_` timestamp(3) NULL DEFAULT NULL,
  `IS_PROCESSED_` tinyint(4) NULL DEFAULT 0,
  PRIMARY KEY (`LOG_NR_`) USING BTREE
) ENGINE = InnoDB AUTO_INCREMENT = 1 CHARACTER SET = utf8 COLLATE = utf8_bin ROW_FORMAT = Dynamic;

-- ----------------------------
-- Table structure for act_ge_bytearray
-- ----------------------------
DROP TABLE IF EXISTS `act_ge_bytearray`;
CREATE TABLE `act_ge_bytearray`  (
  `ID_` varchar(64) CHARACTER SET utf8 COLLATE utf8_bin NOT NULL,
  `REV_` int(11) NULL DEFAULT NULL,
  `NAME_` varchar(255) CHARACTER SET utf8 COLLATE utf8_bin NULL DEFAULT NULL,
  `DEPLOYMENT_ID_` varchar(64) CHARACTER SET utf8 COLLATE utf8_bin NULL DEFAULT NULL,
  `BYTES_` longblob NULL,
  `GENERATED_` tinyint(4) NULL DEFAULT NULL,
  PRIMARY KEY (`ID_`) USING BTREE,
  INDEX `ACT_FK_BYTEARR_DEPL`(`DEPLOYMENT_ID_`) USING BTREE,
  CONSTRAINT `ACT_FK_BYTEARR_DEPL` FOREIGN KEY (`DEPLOYMENT_ID_`) REFERENCES `act_re_deployment` (`ID_`) ON DELETE RESTRICT ON UPDATE RESTRICT
) ENGINE = InnoDB CHARACTER SET = utf8 COLLATE = utf8_bin ROW_FORMAT = Dynamic;

-- ----------------------------
-- Table structure for act_ge_property
-- ----------------------------
DROP TABLE IF EXISTS `act_ge_property`;
CREATE TABLE `act_ge_property`  (
  `NAME_` varchar(64) CHARACTER SET utf8 COLLATE utf8_bin NOT NULL,
  `VALUE_` varchar(300) CHARACTER SET utf8 COLLATE utf8_bin NULL DEFAULT NULL,
  `REV_` int(11) NULL DEFAULT NULL,
  PRIMARY KEY (`NAME_`) USING BTREE
) ENGINE = InnoDB CHARACTER SET = utf8 COLLATE = utf8_bin ROW_FORMAT = Dynamic;

-- ----------------------------
-- Records of act_ge_property
-- ----------------------------
INSERT INTO `act_ge_property` VALUES ('next.dbid', '1', 1);
INSERT INTO `act_ge_property` VALUES ('schema.history', 'create(5.22.0.0)', 1);
INSERT INTO `act_ge_property` VALUES ('schema.version', '5.22.0.0', 1);

-- ----------------------------
-- Table structure for act_hi_actinst
-- ----------------------------
DROP TABLE IF EXISTS `act_hi_actinst`;
CREATE TABLE `act_hi_actinst`  (
  `ID_` varchar(64) CHARACTER SET utf8 COLLATE utf8_bin NOT NULL,
  `PROC_DEF_ID_` varchar(64) CHARACTER SET utf8 COLLATE utf8_bin NOT NULL,
  `PROC_INST_ID_` varchar(64) CHARACTER SET utf8 COLLATE utf8_bin NOT NULL,
  `EXECUTION_ID_` varchar(64) CHARACTER SET utf8 COLLATE utf8_bin NOT NULL,
  `ACT_ID_` varchar(255) CHARACTER SET utf8 COLLATE utf8_bin NOT NULL,
  `TASK_ID_` varchar(64) CHARACTER SET utf8 COLLATE utf8_bin NULL DEFAULT NULL,
  `CALL_PROC_INST_ID_` varchar(64) CHARACTER SET utf8 COLLATE utf8_bin NULL DEFAULT NULL,
  `ACT_NAME_` varchar(255) CHARACTER SET utf8 COLLATE utf8_bin NULL DEFAULT NULL,
  `ACT_TYPE_` varchar(255) CHARACTER SET utf8 COLLATE utf8_bin NOT NULL,
  `ASSIGNEE_` varchar(255) CHARACTER SET utf8 COLLATE utf8_bin NULL DEFAULT NULL,
  `START_TIME_` datetime(3) NULL,
  `END_TIME_` datetime(3) NULL DEFAULT NULL,
  `DURATION_` bigint(20) NULL DEFAULT NULL,
  `TENANT_ID_` varchar(255) CHARACTER SET utf8 COLLATE utf8_bin NULL DEFAULT '',
  PRIMARY KEY (`ID_`) USING BTREE,
  INDEX `ACT_IDX_HI_ACT_INST_START`(`START_TIME_`) USING BTREE,
  INDEX `ACT_IDX_HI_ACT_INST_END`(`END_TIME_`) USING BTREE,
  INDEX `ACT_IDX_HI_ACT_INST_PROCINST`(`PROC_INST_ID_`, `ACT_ID_`) USING BTREE,
  INDEX `ACT_IDX_HI_ACT_INST_EXEC`(`EXECUTION_ID_`, `ACT_ID_`) USING BTREE
) ENGINE = InnoDB CHARACTER SET = utf8 COLLATE = utf8_bin ROW_FORMAT = Dynamic;

-- ----------------------------
-- Table structure for act_hi_attachment
-- ----------------------------
DROP TABLE IF EXISTS `act_hi_attachment`;
CREATE TABLE `act_hi_attachment`  (
  `ID_` varchar(64) CHARACTER SET utf8 COLLATE utf8_bin NOT NULL,
  `REV_` int(11) NULL DEFAULT NULL,
  `USER_ID_` varchar(255) CHARACTER SET utf8 COLLATE utf8_bin NULL DEFAULT NULL,
  `NAME_` varchar(255) CHARACTER SET utf8 COLLATE utf8_bin NULL DEFAULT NULL,
  `DESCRIPTION_` varchar(4000) CHARACTER SET utf8 COLLATE utf8_bin NULL DEFAULT NULL,
  `TYPE_` varchar(255) CHARACTER SET utf8 COLLATE utf8_bin NULL DEFAULT NULL,
  `TASK_ID_` varchar(64) CHARACTER SET utf8 COLLATE utf8_bin NULL DEFAULT NULL,
  `PROC_INST_ID_` varchar(64) CHARACTER SET utf8 COLLATE utf8_bin NULL DEFAULT NULL,
  `URL_` varchar(4000) CHARACTER SET utf8 COLLATE utf8_bin NULL DEFAULT NULL,
  `CONTENT_ID_` varchar(64) CHARACTER SET utf8 COLLATE utf8_bin NULL DEFAULT NULL,
  `TIME_` datetime(3) NULL DEFAULT NULL,
  PRIMARY KEY (`ID_`) USING BTREE
) ENGINE = InnoDB CHARACTER SET = utf8 COLLATE = utf8_bin ROW_FORMAT = Dynamic;

-- ----------------------------
-- Table structure for act_hi_comment
-- ----------------------------
DROP TABLE IF EXISTS `act_hi_comment`;
CREATE TABLE `act_hi_comment`  (
  `ID_` varchar(64) CHARACTER SET utf8 COLLATE utf8_bin NOT NULL,
  `TYPE_` varchar(255) CHARACTER SET utf8 COLLATE utf8_bin NULL DEFAULT NULL,
  `TIME_` datetime(3) NULL,
  `USER_ID_` varchar(255) CHARACTER SET utf8 COLLATE utf8_bin NULL DEFAULT NULL,
  `TASK_ID_` varchar(64) CHARACTER SET utf8 COLLATE utf8_bin NULL DEFAULT NULL,
  `PROC_INST_ID_` varchar(64) CHARACTER SET utf8 COLLATE utf8_bin NULL DEFAULT NULL,
  `ACTION_` varchar(255) CHARACTER SET utf8 COLLATE utf8_bin NULL DEFAULT NULL,
  `MESSAGE_` varchar(4000) CHARACTER SET utf8 COLLATE utf8_bin NULL DEFAULT NULL,
  `FULL_MSG_` longblob NULL,
  PRIMARY KEY (`ID_`) USING BTREE
) ENGINE = InnoDB CHARACTER SET = utf8 COLLATE = utf8_bin ROW_FORMAT = Dynamic;

-- ----------------------------
-- Table structure for act_hi_detail
-- ----------------------------
DROP TABLE IF EXISTS `act_hi_detail`;
CREATE TABLE `act_hi_detail`  (
  `ID_` varchar(64) CHARACTER SET utf8 COLLATE utf8_bin NOT NULL,
  `TYPE_` varchar(255) CHARACTER SET utf8 COLLATE utf8_bin NOT NULL,
  `PROC_INST_ID_` varchar(64) CHARACTER SET utf8 COLLATE utf8_bin NULL DEFAULT NULL,
  `EXECUTION_ID_` varchar(64) CHARACTER SET utf8 COLLATE utf8_bin NULL DEFAULT NULL,
  `TASK_ID_` varchar(64) CHARACTER SET utf8 COLLATE utf8_bin NULL DEFAULT NULL,
  `ACT_INST_ID_` varchar(64) CHARACTER SET utf8 COLLATE utf8_bin NULL DEFAULT NULL,
  `NAME_` varchar(255) CHARACTER SET utf8 COLLATE utf8_bin NOT NULL,
  `VAR_TYPE_` varchar(255) CHARACTER SET utf8 COLLATE utf8_bin NULL DEFAULT NULL,
  `REV_` int(11) NULL DEFAULT NULL,
  `TIME_` datetime(3) NULL,
  `BYTEARRAY_ID_` varchar(64) CHARACTER SET utf8 COLLATE utf8_bin NULL DEFAULT NULL,
  `DOUBLE_` double NULL DEFAULT NULL,
  `LONG_` bigint(20) NULL DEFAULT NULL,
  `TEXT_` varchar(4000) CHARACTER SET utf8 COLLATE utf8_bin NULL DEFAULT NULL,
  `TEXT2_` varchar(4000) CHARACTER SET utf8 COLLATE utf8_bin NULL DEFAULT NULL,
  PRIMARY KEY (`ID_`) USING BTREE,
  INDEX `ACT_IDX_HI_DETAIL_PROC_INST`(`PROC_INST_ID_`) USING BTREE,
  INDEX `ACT_IDX_HI_DETAIL_ACT_INST`(`ACT_INST_ID_`) USING BTREE,
  INDEX `ACT_IDX_HI_DETAIL_TIME`(`TIME_`) USING BTREE,
  INDEX `ACT_IDX_HI_DETAIL_NAME`(`NAME_`) USING BTREE,
  INDEX `ACT_IDX_HI_DETAIL_TASK_ID`(`TASK_ID_`) USING BTREE
) ENGINE = InnoDB CHARACTER SET = utf8 COLLATE = utf8_bin ROW_FORMAT = Dynamic;

-- ----------------------------
-- Table structure for act_hi_identitylink
-- ----------------------------
DROP TABLE IF EXISTS `act_hi_identitylink`;
CREATE TABLE `act_hi_identitylink`  (
  `ID_` varchar(64) CHARACTER SET utf8 COLLATE utf8_bin NOT NULL,
  `GROUP_ID_` varchar(255) CHARACTER SET utf8 COLLATE utf8_bin NULL DEFAULT NULL,
  `TYPE_` varchar(255) CHARACTER SET utf8 COLLATE utf8_bin NULL DEFAULT NULL,
  `USER_ID_` varchar(255) CHARACTER SET utf8 COLLATE utf8_bin NULL DEFAULT NULL,
  `TASK_ID_` varchar(64) CHARACTER SET utf8 COLLATE utf8_bin NULL DEFAULT NULL,
  `PROC_INST_ID_` varchar(64) CHARACTER SET utf8 COLLATE utf8_bin NULL DEFAULT NULL,
  PRIMARY KEY (`ID_`) USING BTREE,
  INDEX `ACT_IDX_HI_IDENT_LNK_USER`(`USER_ID_`) USING BTREE,
  INDEX `ACT_IDX_HI_IDENT_LNK_TASK`(`TASK_ID_`) USING BTREE,
  INDEX `ACT_IDX_HI_IDENT_LNK_PROCINST`(`PROC_INST_ID_`) USING BTREE
) ENGINE = InnoDB CHARACTER SET = utf8 COLLATE = utf8_bin ROW_FORMAT = Dynamic;

-- ----------------------------
-- Table structure for act_hi_procinst
-- ----------------------------
DROP TABLE IF EXISTS `act_hi_procinst`;
CREATE TABLE `act_hi_procinst`  (
  `ID_` varchar(64) CHARACTER SET utf8 COLLATE utf8_bin NOT NULL,
  `PROC_INST_ID_` varchar(64) CHARACTER SET utf8 COLLATE utf8_bin NOT NULL,
  `BUSINESS_KEY_` varchar(255) CHARACTER SET utf8 COLLATE utf8_bin NULL DEFAULT NULL,
  `PROC_DEF_ID_` varchar(64) CHARACTER SET utf8 COLLATE utf8_bin NOT NULL,
  `START_TIME_` datetime(3) NULL,
  `END_TIME_` datetime(3) NULL DEFAULT NULL,
  `DURATION_` bigint(20) NULL DEFAULT NULL,
  `START_USER_ID_` varchar(255) CHARACTER SET utf8 COLLATE utf8_bin NULL DEFAULT NULL,
  `START_ACT_ID_` varchar(255) CHARACTER SET utf8 COLLATE utf8_bin NULL DEFAULT NULL,
  `END_ACT_ID_` varchar(255) CHARACTER SET utf8 COLLATE utf8_bin NULL DEFAULT NULL,
  `SUPER_PROCESS_INSTANCE_ID_` varchar(64) CHARACTER SET utf8 COLLATE utf8_bin NULL DEFAULT NULL,
  `DELETE_REASON_` varchar(4000) CHARACTER SET utf8 COLLATE utf8_bin NULL DEFAULT NULL,
  `TENANT_ID_` varchar(255) CHARACTER SET utf8 COLLATE utf8_bin NULL DEFAULT '',
  `NAME_` varchar(255) CHARACTER SET utf8 COLLATE utf8_bin NULL DEFAULT NULL,
  PRIMARY KEY (`ID_`) USING BTREE,
  UNIQUE INDEX `PROC_INST_ID_`(`PROC_INST_ID_`) USING BTREE,
  INDEX `ACT_IDX_HI_PRO_INST_END`(`END_TIME_`) USING BTREE,
  INDEX `ACT_IDX_HI_PRO_I_BUSKEY`(`BUSINESS_KEY_`) USING BTREE
) ENGINE = InnoDB CHARACTER SET = utf8 COLLATE = utf8_bin ROW_FORMAT = Dynamic;

-- ----------------------------
-- Table structure for act_hi_taskinst
-- ----------------------------
DROP TABLE IF EXISTS `act_hi_taskinst`;
CREATE TABLE `act_hi_taskinst`  (
  `ID_` varchar(64) CHARACTER SET utf8 COLLATE utf8_bin NOT NULL,
  `PROC_DEF_ID_` varchar(64) CHARACTER SET utf8 COLLATE utf8_bin NULL DEFAULT NULL,
  `TASK_DEF_KEY_` varchar(255) CHARACTER SET utf8 COLLATE utf8_bin NULL DEFAULT NULL,
  `PROC_INST_ID_` varchar(64) CHARACTER SET utf8 COLLATE utf8_bin NULL DEFAULT NULL,
  `EXECUTION_ID_` varchar(64) CHARACTER SET utf8 COLLATE utf8_bin NULL DEFAULT NULL,
  `NAME_` varchar(255) CHARACTER SET utf8 COLLATE utf8_bin NULL DEFAULT NULL,
  `PARENT_TASK_ID_` varchar(64) CHARACTER SET utf8 COLLATE utf8_bin NULL DEFAULT NULL,
  `DESCRIPTION_` varchar(4000) CHARACTER SET utf8 COLLATE utf8_bin NULL DEFAULT NULL,
  `OWNER_` varchar(255) CHARACTER SET utf8 COLLATE utf8_bin NULL DEFAULT NULL,
  `ASSIGNEE_` varchar(255) CHARACTER SET utf8 COLLATE utf8_bin NULL DEFAULT NULL,
  `START_TIME_` datetime(3) NULL,
  `CLAIM_TIME_` datetime(3) NULL DEFAULT NULL,
  `END_TIME_` datetime(3) NULL DEFAULT NULL,
  `DURATION_` bigint(20) NULL DEFAULT NULL,
  `DELETE_REASON_` varchar(4000) CHARACTER SET utf8 COLLATE utf8_bin NULL DEFAULT NULL,
  `PRIORITY_` int(11) NULL DEFAULT NULL,
  `DUE_DATE_` datetime(3) NULL DEFAULT NULL,
  `FORM_KEY_` varchar(255) CHARACTER SET utf8 COLLATE utf8_bin NULL DEFAULT NULL,
  `CATEGORY_` varchar(255) CHARACTER SET utf8 COLLATE utf8_bin NULL DEFAULT NULL,
  `TENANT_ID_` varchar(255) CHARACTER SET utf8 COLLATE utf8_bin NULL DEFAULT '',
  PRIMARY KEY (`ID_`) USING BTREE,
  INDEX `ACT_IDX_HI_TASK_INST_PROCINST`(`PROC_INST_ID_`) USING BTREE
) ENGINE = InnoDB CHARACTER SET = utf8 COLLATE = utf8_bin ROW_FORMAT = Dynamic;

-- ----------------------------
-- Table structure for act_hi_varinst
-- ----------------------------
DROP TABLE IF EXISTS `act_hi_varinst`;
CREATE TABLE `act_hi_varinst`  (
  `ID_` varchar(64) CHARACTER SET utf8 COLLATE utf8_bin NOT NULL,
  `PROC_INST_ID_` varchar(64) CHARACTER SET utf8 COLLATE utf8_bin NULL DEFAULT NULL,
  `EXECUTION_ID_` varchar(64) CHARACTER SET utf8 COLLATE utf8_bin NULL DEFAULT NULL,
  `TASK_ID_` varchar(64) CHARACTER SET utf8 COLLATE utf8_bin NULL DEFAULT NULL,
  `NAME_` varchar(255) CHARACTER SET utf8 COLLATE utf8_bin NOT NULL,
  `VAR_TYPE_` varchar(100) CHARACTER SET utf8 COLLATE utf8_bin NULL DEFAULT NULL,
  `REV_` int(11) NULL DEFAULT NULL,
  `BYTEARRAY_ID_` varchar(64) CHARACTER SET utf8 COLLATE utf8_bin NULL DEFAULT NULL,
  `DOUBLE_` double NULL DEFAULT NULL,
  `LONG_` bigint(20) NULL DEFAULT NULL,
  `TEXT_` varchar(4000) CHARACTER SET utf8 COLLATE utf8_bin NULL DEFAULT NULL,
  `TEXT2_` varchar(4000) CHARACTER SET utf8 COLLATE utf8_bin NULL DEFAULT NULL,
  `CREATE_TIME_` datetime(3) NULL DEFAULT NULL,
  `LAST_UPDATED_TIME_` datetime(3) NULL DEFAULT NULL,
  PRIMARY KEY (`ID_`) USING BTREE,
  INDEX `ACT_IDX_HI_PROCVAR_PROC_INST`(`PROC_INST_ID_`) USING BTREE,
  INDEX `ACT_IDX_HI_PROCVAR_NAME_TYPE`(`NAME_`, `VAR_TYPE_`) USING BTREE,
  INDEX `ACT_IDX_HI_PROCVAR_TASK_ID`(`TASK_ID_`) USING BTREE
) ENGINE = InnoDB CHARACTER SET = utf8 COLLATE = utf8_bin ROW_FORMAT = Dynamic;

-- ----------------------------
-- Table structure for act_procdef_info
-- ----------------------------
DROP TABLE IF EXISTS `act_procdef_info`;
CREATE TABLE `act_procdef_info`  (
  `ID_` varchar(64) CHARACTER SET utf8 COLLATE utf8_bin NOT NULL,
  `PROC_DEF_ID_` varchar(64) CHARACTER SET utf8 COLLATE utf8_bin NOT NULL,
  `REV_` int(11) NULL DEFAULT NULL,
  `INFO_JSON_ID_` varchar(64) CHARACTER SET utf8 COLLATE utf8_bin NULL DEFAULT NULL,
  PRIMARY KEY (`ID_`) USING BTREE,
  UNIQUE INDEX `ACT_UNIQ_INFO_PROCDEF`(`PROC_DEF_ID_`) USING BTREE,
  INDEX `ACT_IDX_INFO_PROCDEF`(`PROC_DEF_ID_`) USING BTREE,
  INDEX `ACT_FK_INFO_JSON_BA`(`INFO_JSON_ID_`) USING BTREE,
  CONSTRAINT `ACT_FK_INFO_JSON_BA` FOREIGN KEY (`INFO_JSON_ID_`) REFERENCES `act_ge_bytearray` (`ID_`) ON DELETE RESTRICT ON UPDATE RESTRICT,
  CONSTRAINT `ACT_FK_INFO_PROCDEF` FOREIGN KEY (`PROC_DEF_ID_`) REFERENCES `act_re_procdef` (`ID_`) ON DELETE RESTRICT ON UPDATE RESTRICT
) ENGINE = InnoDB CHARACTER SET = utf8 COLLATE = utf8_bin ROW_FORMAT = Dynamic;

-- ----------------------------
-- Table structure for act_re_deployment
-- ----------------------------
DROP TABLE IF EXISTS `act_re_deployment`;
CREATE TABLE `act_re_deployment`  (
  `ID_` varchar(64) CHARACTER SET utf8 COLLATE utf8_bin NOT NULL,
  `NAME_` varchar(255) CHARACTER SET utf8 COLLATE utf8_bin NULL DEFAULT NULL,
  `CATEGORY_` varchar(255) CHARACTER SET utf8 COLLATE utf8_bin NULL DEFAULT NULL,
  `TENANT_ID_` varchar(255) CHARACTER SET utf8 COLLATE utf8_bin NULL DEFAULT '',
  `DEPLOY_TIME_` timestamp(3) NULL DEFAULT NULL,
  PRIMARY KEY (`ID_`) USING BTREE
) ENGINE = InnoDB CHARACTER SET = utf8 COLLATE = utf8_bin ROW_FORMAT = Dynamic;

-- ----------------------------
-- Table structure for act_re_model
-- ----------------------------
DROP TABLE IF EXISTS `act_re_model`;
CREATE TABLE `act_re_model`  (
  `ID_` varchar(64) CHARACTER SET utf8 COLLATE utf8_bin NOT NULL,
  `REV_` int(11) NULL DEFAULT NULL,
  `NAME_` varchar(255) CHARACTER SET utf8 COLLATE utf8_bin NULL DEFAULT NULL,
  `KEY_` varchar(255) CHARACTER SET utf8 COLLATE utf8_bin NULL DEFAULT NULL,
  `CATEGORY_` varchar(255) CHARACTER SET utf8 COLLATE utf8_bin NULL DEFAULT NULL,
  `CREATE_TIME_` timestamp(3) NULL DEFAULT NULL,
  `LAST_UPDATE_TIME_` timestamp(3) NULL DEFAULT NULL,
  `VERSION_` int(11) NULL DEFAULT NULL,
  `META_INFO_` varchar(4000) CHARACTER SET utf8 COLLATE utf8_bin NULL DEFAULT NULL,
  `DEPLOYMENT_ID_` varchar(64) CHARACTER SET utf8 COLLATE utf8_bin NULL DEFAULT NULL,
  `EDITOR_SOURCE_VALUE_ID_` varchar(64) CHARACTER SET utf8 COLLATE utf8_bin NULL DEFAULT NULL,
  `EDITOR_SOURCE_EXTRA_VALUE_ID_` varchar(64) CHARACTER SET utf8 COLLATE utf8_bin NULL DEFAULT NULL,
  `TENANT_ID_` varchar(255) CHARACTER SET utf8 COLLATE utf8_bin NULL DEFAULT '',
  PRIMARY KEY (`ID_`) USING BTREE,
  INDEX `ACT_FK_MODEL_SOURCE`(`EDITOR_SOURCE_VALUE_ID_`) USING BTREE,
  INDEX `ACT_FK_MODEL_SOURCE_EXTRA`(`EDITOR_SOURCE_EXTRA_VALUE_ID_`) USING BTREE,
  INDEX `ACT_FK_MODEL_DEPLOYMENT`(`DEPLOYMENT_ID_`) USING BTREE,
  CONSTRAINT `ACT_FK_MODEL_DEPLOYMENT` FOREIGN KEY (`DEPLOYMENT_ID_`) REFERENCES `act_re_deployment` (`ID_`) ON DELETE RESTRICT ON UPDATE RESTRICT,
  CONSTRAINT `ACT_FK_MODEL_SOURCE` FOREIGN KEY (`EDITOR_SOURCE_VALUE_ID_`) REFERENCES `act_ge_bytearray` (`ID_`) ON DELETE RESTRICT ON UPDATE RESTRICT,
  CONSTRAINT `ACT_FK_MODEL_SOURCE_EXTRA` FOREIGN KEY (`EDITOR_SOURCE_EXTRA_VALUE_ID_`) REFERENCES `act_ge_bytearray` (`ID_`) ON DELETE RESTRICT ON UPDATE RESTRICT
) ENGINE = InnoDB CHARACTER SET = utf8 COLLATE = utf8_bin ROW_FORMAT = Dynamic;

-- ----------------------------
-- Table structure for act_re_procdef
-- ----------------------------
DROP TABLE IF EXISTS `act_re_procdef`;
CREATE TABLE `act_re_procdef`  (
  `ID_` varchar(64) CHARACTER SET utf8 COLLATE utf8_bin NOT NULL,
  `REV_` int(11) NULL DEFAULT NULL,
  `CATEGORY_` varchar(255) CHARACTER SET utf8 COLLATE utf8_bin NULL DEFAULT NULL,
  `NAME_` varchar(255) CHARACTER SET utf8 COLLATE utf8_bin NULL DEFAULT NULL,
  `KEY_` varchar(255) CHARACTER SET utf8 COLLATE utf8_bin NOT NULL,
  `VERSION_` int(11) NOT NULL,
  `DEPLOYMENT_ID_` varchar(64) CHARACTER SET utf8 COLLATE utf8_bin NULL DEFAULT NULL,
  `RESOURCE_NAME_` varchar(4000) CHARACTER SET utf8 COLLATE utf8_bin NULL DEFAULT NULL,
  `DGRM_RESOURCE_NAME_` varchar(4000) CHARACTER SET utf8 COLLATE utf8_bin NULL DEFAULT NULL,
  `DESCRIPTION_` varchar(4000) CHARACTER SET utf8 COLLATE utf8_bin NULL DEFAULT NULL,
  `HAS_START_FORM_KEY_` tinyint(4) NULL DEFAULT NULL,
  `HAS_GRAPHICAL_NOTATION_` tinyint(4) NULL DEFAULT NULL,
  `SUSPENSION_STATE_` int(11) NULL DEFAULT NULL,
  `TENANT_ID_` varchar(255) CHARACTER SET utf8 COLLATE utf8_bin NULL DEFAULT '',
  PRIMARY KEY (`ID_`) USING BTREE,
  UNIQUE INDEX `ACT_UNIQ_PROCDEF`(`KEY_`, `VERSION_`, `TENANT_ID_`) USING BTREE
) ENGINE = InnoDB CHARACTER SET = utf8 COLLATE = utf8_bin ROW_FORMAT = Dynamic;

-- ----------------------------
-- Table structure for act_ru_event_subscr
-- ----------------------------
DROP TABLE IF EXISTS `act_ru_event_subscr`;
CREATE TABLE `act_ru_event_subscr`  (
  `ID_` varchar(64) CHARACTER SET utf8 COLLATE utf8_bin NOT NULL,
  `REV_` int(11) NULL DEFAULT NULL,
  `EVENT_TYPE_` varchar(255) CHARACTER SET utf8 COLLATE utf8_bin NOT NULL,
  `EVENT_NAME_` varchar(255) CHARACTER SET utf8 COLLATE utf8_bin NULL DEFAULT NULL,
  `EXECUTION_ID_` varchar(64) CHARACTER SET utf8 COLLATE utf8_bin NULL DEFAULT NULL,
  `PROC_INST_ID_` varchar(64) CHARACTER SET utf8 COLLATE utf8_bin NULL DEFAULT NULL,
  `ACTIVITY_ID_` varchar(64) CHARACTER SET utf8 COLLATE utf8_bin NULL DEFAULT NULL,
  `CONFIGURATION_` varchar(255) CHARACTER SET utf8 COLLATE utf8_bin NULL DEFAULT NULL,
  `CREATED_` timestamp(3) NOT NULL DEFAULT CURRENT_TIMESTAMP(3),
  `PROC_DEF_ID_` varchar(64) CHARACTER SET utf8 COLLATE utf8_bin NULL DEFAULT NULL,
  `TENANT_ID_` varchar(255) CHARACTER SET utf8 COLLATE utf8_bin NULL DEFAULT '',
  PRIMARY KEY (`ID_`) USING BTREE,
  INDEX `ACT_IDX_EVENT_SUBSCR_CONFIG_`(`CONFIGURATION_`) USING BTREE,
  INDEX `ACT_FK_EVENT_EXEC`(`EXECUTION_ID_`) USING BTREE,
  CONSTRAINT `ACT_FK_EVENT_EXEC` FOREIGN KEY (`EXECUTION_ID_`) REFERENCES `act_ru_execution` (`ID_`) ON DELETE RESTRICT ON UPDATE RESTRICT
) ENGINE = InnoDB CHARACTER SET = utf8 COLLATE = utf8_bin ROW_FORMAT = Dynamic;

-- ----------------------------
-- Table structure for act_ru_execution
-- ----------------------------
DROP TABLE IF EXISTS `act_ru_execution`;
CREATE TABLE `act_ru_execution`  (
  `ID_` varchar(64) CHARACTER SET utf8 COLLATE utf8_bin NOT NULL,
  `REV_` int(11) NULL DEFAULT NULL,
  `PROC_INST_ID_` varchar(64) CHARACTER SET utf8 COLLATE utf8_bin NULL DEFAULT NULL,
  `BUSINESS_KEY_` varchar(255) CHARACTER SET utf8 COLLATE utf8_bin NULL DEFAULT NULL,
  `PARENT_ID_` varchar(64) CHARACTER SET utf8 COLLATE utf8_bin NULL DEFAULT NULL,
  `PROC_DEF_ID_` varchar(64) CHARACTER SET utf8 COLLATE utf8_bin NULL DEFAULT NULL,
  `SUPER_EXEC_` varchar(64) CHARACTER SET utf8 COLLATE utf8_bin NULL DEFAULT NULL,
  `ACT_ID_` varchar(255) CHARACTER SET utf8 COLLATE utf8_bin NULL DEFAULT NULL,
  `IS_ACTIVE_` tinyint(4) NULL DEFAULT NULL,
  `IS_CONCURRENT_` tinyint(4) NULL DEFAULT NULL,
  `IS_SCOPE_` tinyint(4) NULL DEFAULT NULL,
  `IS_EVENT_SCOPE_` tinyint(4) NULL DEFAULT NULL,
  `SUSPENSION_STATE_` int(11) NULL DEFAULT NULL,
  `CACHED_ENT_STATE_` int(11) NULL DEFAULT NULL,
  `TENANT_ID_` varchar(255) CHARACTER SET utf8 COLLATE utf8_bin NULL DEFAULT '',
  `NAME_` varchar(255) CHARACTER SET utf8 COLLATE utf8_bin NULL DEFAULT NULL,
  `LOCK_TIME_` timestamp(3) NULL DEFAULT NULL,
  PRIMARY KEY (`ID_`) USING BTREE,
  INDEX `ACT_IDX_EXEC_BUSKEY`(`BUSINESS_KEY_`) USING BTREE,
  INDEX `ACT_FK_EXE_PROCINST`(`PROC_INST_ID_`) USING BTREE,
  INDEX `ACT_FK_EXE_PARENT`(`PARENT_ID_`) USING BTREE,
  INDEX `ACT_FK_EXE_SUPER`(`SUPER_EXEC_`) USING BTREE,
  INDEX `ACT_FK_EXE_PROCDEF`(`PROC_DEF_ID_`) USING BTREE,
  CONSTRAINT `ACT_FK_EXE_PARENT` FOREIGN KEY (`PARENT_ID_`) REFERENCES `act_ru_execution` (`ID_`) ON DELETE RESTRICT ON UPDATE RESTRICT,
  CONSTRAINT `ACT_FK_EXE_PROCDEF` FOREIGN KEY (`PROC_DEF_ID_`) REFERENCES `act_re_procdef` (`ID_`) ON DELETE RESTRICT ON UPDATE RESTRICT,
  CONSTRAINT `ACT_FK_EXE_PROCINST` FOREIGN KEY (`PROC_INST_ID_`) REFERENCES `act_ru_execution` (`ID_`) ON DELETE CASCADE ON UPDATE CASCADE,
  CONSTRAINT `ACT_FK_EXE_SUPER` FOREIGN KEY (`SUPER_EXEC_`) REFERENCES `act_ru_execution` (`ID_`) ON DELETE RESTRICT ON UPDATE RESTRICT
) ENGINE = InnoDB CHARACTER SET = utf8 COLLATE = utf8_bin ROW_FORMAT = Dynamic;

-- ----------------------------
-- Table structure for act_ru_identitylink
-- ----------------------------
DROP TABLE IF EXISTS `act_ru_identitylink`;
CREATE TABLE `act_ru_identitylink`  (
  `ID_` varchar(64) CHARACTER SET utf8 COLLATE utf8_bin NOT NULL,
  `REV_` int(11) NULL DEFAULT NULL,
  `GROUP_ID_` varchar(255) CHARACTER SET utf8 COLLATE utf8_bin NULL DEFAULT NULL,
  `TYPE_` varchar(255) CHARACTER SET utf8 COLLATE utf8_bin NULL DEFAULT NULL,
  `USER_ID_` varchar(255) CHARACTER SET utf8 COLLATE utf8_bin NULL DEFAULT NULL,
  `TASK_ID_` varchar(64) CHARACTER SET utf8 COLLATE utf8_bin NULL DEFAULT NULL,
  `PROC_INST_ID_` varchar(64) CHARACTER SET utf8 COLLATE utf8_bin NULL DEFAULT NULL,
  `PROC_DEF_ID_` varchar(64) CHARACTER SET utf8 COLLATE utf8_bin NULL DEFAULT NULL,
  PRIMARY KEY (`ID_`) USING BTREE,
  INDEX `ACT_IDX_IDENT_LNK_USER`(`USER_ID_`) USING BTREE,
  INDEX `ACT_IDX_IDENT_LNK_GROUP`(`GROUP_ID_`) USING BTREE,
  INDEX `ACT_IDX_ATHRZ_PROCEDEF`(`PROC_DEF_ID_`) USING BTREE,
  INDEX `ACT_FK_TSKASS_TASK`(`TASK_ID_`) USING BTREE,
  INDEX `ACT_FK_IDL_PROCINST`(`PROC_INST_ID_`) USING BTREE,
  CONSTRAINT `ACT_FK_ATHRZ_PROCEDEF` FOREIGN KEY (`PROC_DEF_ID_`) REFERENCES `act_re_procdef` (`ID_`) ON DELETE RESTRICT ON UPDATE RESTRICT,
  CONSTRAINT `ACT_FK_IDL_PROCINST` FOREIGN KEY (`PROC_INST_ID_`) REFERENCES `act_ru_execution` (`ID_`) ON DELETE RESTRICT ON UPDATE RESTRICT,
  CONSTRAINT `ACT_FK_TSKASS_TASK` FOREIGN KEY (`TASK_ID_`) REFERENCES `act_ru_task` (`ID_`) ON DELETE RESTRICT ON UPDATE RESTRICT
) ENGINE = InnoDB CHARACTER SET = utf8 COLLATE = utf8_bin ROW_FORMAT = Dynamic;

-- ----------------------------
-- Table structure for act_ru_job
-- ----------------------------
DROP TABLE IF EXISTS `act_ru_job`;
CREATE TABLE `act_ru_job`  (
  `ID_` varchar(64) CHARACTER SET utf8 COLLATE utf8_bin NOT NULL,
  `REV_` int(11) NULL DEFAULT NULL,
  `TYPE_` varchar(255) CHARACTER SET utf8 COLLATE utf8_bin NOT NULL,
  `LOCK_EXP_TIME_` timestamp(3) NULL DEFAULT NULL,
  `LOCK_OWNER_` varchar(255) CHARACTER SET utf8 COLLATE utf8_bin NULL DEFAULT NULL,
  `EXCLUSIVE_` tinyint(1) NULL DEFAULT NULL,
  `EXECUTION_ID_` varchar(64) CHARACTER SET utf8 COLLATE utf8_bin NULL DEFAULT NULL,
  `PROCESS_INSTANCE_ID_` varchar(64) CHARACTER SET utf8 COLLATE utf8_bin NULL DEFAULT NULL,
  `PROC_DEF_ID_` varchar(64) CHARACTER SET utf8 COLLATE utf8_bin NULL DEFAULT NULL,
  `RETRIES_` int(11) NULL DEFAULT NULL,
  `EXCEPTION_STACK_ID_` varchar(64) CHARACTER SET utf8 COLLATE utf8_bin NULL DEFAULT NULL,
  `EXCEPTION_MSG_` varchar(4000) CHARACTER SET utf8 COLLATE utf8_bin NULL DEFAULT NULL,
  `DUEDATE_` timestamp(3) NULL DEFAULT NULL,
  `REPEAT_` varchar(255) CHARACTER SET utf8 COLLATE utf8_bin NULL DEFAULT NULL,
  `HANDLER_TYPE_` varchar(255) CHARACTER SET utf8 COLLATE utf8_bin NULL DEFAULT NULL,
  `HANDLER_CFG_` varchar(4000) CHARACTER SET utf8 COLLATE utf8_bin NULL DEFAULT NULL,
  `TENANT_ID_` varchar(255) CHARACTER SET utf8 COLLATE utf8_bin NULL DEFAULT '',
  PRIMARY KEY (`ID_`) USING BTREE,
  INDEX `ACT_FK_JOB_EXCEPTION`(`EXCEPTION_STACK_ID_`) USING BTREE,
  CONSTRAINT `ACT_FK_JOB_EXCEPTION` FOREIGN KEY (`EXCEPTION_STACK_ID_`) REFERENCES `act_ge_bytearray` (`ID_`) ON DELETE RESTRICT ON UPDATE RESTRICT
) ENGINE = InnoDB CHARACTER SET = utf8 COLLATE = utf8_bin ROW_FORMAT = Dynamic;

-- ----------------------------
-- Table structure for act_ru_task
-- ----------------------------
DROP TABLE IF EXISTS `act_ru_task`;
CREATE TABLE `act_ru_task`  (
  `ID_` varchar(64) CHARACTER SET utf8 COLLATE utf8_bin NOT NULL,
  `REV_` int(11) NULL DEFAULT NULL,
  `EXECUTION_ID_` varchar(64) CHARACTER SET utf8 COLLATE utf8_bin NULL DEFAULT NULL,
  `PROC_INST_ID_` varchar(64) CHARACTER SET utf8 COLLATE utf8_bin NULL DEFAULT NULL,
  `PROC_DEF_ID_` varchar(64) CHARACTER SET utf8 COLLATE utf8_bin NULL DEFAULT NULL,
  `NAME_` varchar(255) CHARACTER SET utf8 COLLATE utf8_bin NULL DEFAULT NULL,
  `PARENT_TASK_ID_` varchar(64) CHARACTER SET utf8 COLLATE utf8_bin NULL DEFAULT NULL,
  `DESCRIPTION_` varchar(4000) CHARACTER SET utf8 COLLATE utf8_bin NULL DEFAULT NULL,
  `TASK_DEF_KEY_` varchar(255) CHARACTER SET utf8 COLLATE utf8_bin NULL DEFAULT NULL,
  `OWNER_` varchar(255) CHARACTER SET utf8 COLLATE utf8_bin NULL DEFAULT NULL,
  `ASSIGNEE_` varchar(255) CHARACTER SET utf8 COLLATE utf8_bin NULL DEFAULT NULL,
  `DELEGATION_` varchar(64) CHARACTER SET utf8 COLLATE utf8_bin NULL DEFAULT NULL,
  `PRIORITY_` int(11) NULL DEFAULT NULL,
  `CREATE_TIME_` timestamp(3) NULL DEFAULT NULL,
  `DUE_DATE_` datetime(3) NULL DEFAULT NULL,
  `CATEGORY_` varchar(255) CHARACTER SET utf8 COLLATE utf8_bin NULL DEFAULT NULL,
  `SUSPENSION_STATE_` int(11) NULL DEFAULT NULL,
  `TENANT_ID_` varchar(255) CHARACTER SET utf8 COLLATE utf8_bin NULL DEFAULT '',
  `FORM_KEY_` varchar(255) CHARACTER SET utf8 COLLATE utf8_bin NULL DEFAULT NULL,
  PRIMARY KEY (`ID_`) USING BTREE,
  INDEX `ACT_IDX_TASK_CREATE`(`CREATE_TIME_`) USING BTREE,
  INDEX `ACT_FK_TASK_EXE`(`EXECUTION_ID_`) USING BTREE,
  INDEX `ACT_FK_TASK_PROCINST`(`PROC_INST_ID_`) USING BTREE,
  INDEX `ACT_FK_TASK_PROCDEF`(`PROC_DEF_ID_`) USING BTREE,
  CONSTRAINT `ACT_FK_TASK_EXE` FOREIGN KEY (`EXECUTION_ID_`) REFERENCES `act_ru_execution` (`ID_`) ON DELETE RESTRICT ON UPDATE RESTRICT,
  CONSTRAINT `ACT_FK_TASK_PROCDEF` FOREIGN KEY (`PROC_DEF_ID_`) REFERENCES `act_re_procdef` (`ID_`) ON DELETE RESTRICT ON UPDATE RESTRICT,
  CONSTRAINT `ACT_FK_TASK_PROCINST` FOREIGN KEY (`PROC_INST_ID_`) REFERENCES `act_ru_execution` (`ID_`) ON DELETE RESTRICT ON UPDATE RESTRICT
) ENGINE = InnoDB CHARACTER SET = utf8 COLLATE = utf8_bin ROW_FORMAT = Dynamic;

-- ----------------------------
-- Table structure for act_ru_variable
-- ----------------------------
DROP TABLE IF EXISTS `act_ru_variable`;
CREATE TABLE `act_ru_variable`  (
  `ID_` varchar(64) CHARACTER SET utf8 COLLATE utf8_bin NOT NULL,
  `REV_` int(11) NULL DEFAULT NULL,
  `TYPE_` varchar(255) CHARACTER SET utf8 COLLATE utf8_bin NOT NULL,
  `NAME_` varchar(255) CHARACTER SET utf8 COLLATE utf8_bin NOT NULL,
  `EXECUTION_ID_` varchar(64) CHARACTER SET utf8 COLLATE utf8_bin NULL DEFAULT NULL,
  `PROC_INST_ID_` varchar(64) CHARACTER SET utf8 COLLATE utf8_bin NULL DEFAULT NULL,
  `TASK_ID_` varchar(64) CHARACTER SET utf8 COLLATE utf8_bin NULL DEFAULT NULL,
  `BYTEARRAY_ID_` varchar(64) CHARACTER SET utf8 COLLATE utf8_bin NULL DEFAULT NULL,
  `DOUBLE_` double NULL DEFAULT NULL,
  `LONG_` bigint(20) NULL DEFAULT NULL,
  `TEXT_` varchar(4000) CHARACTER SET utf8 COLLATE utf8_bin NULL DEFAULT NULL,
  `TEXT2_` varchar(4000) CHARACTER SET utf8 COLLATE utf8_bin NULL DEFAULT NULL,
  PRIMARY KEY (`ID_`) USING BTREE,
  INDEX `ACT_IDX_VARIABLE_TASK_ID`(`TASK_ID_`) USING BTREE,
  INDEX `ACT_FK_VAR_EXE`(`EXECUTION_ID_`) USING BTREE,
  INDEX `ACT_FK_VAR_PROCINST`(`PROC_INST_ID_`) USING BTREE,
  INDEX `ACT_FK_VAR_BYTEARRAY`(`BYTEARRAY_ID_`) USING BTREE,
  CONSTRAINT `ACT_FK_VAR_BYTEARRAY` FOREIGN KEY (`BYTEARRAY_ID_`) REFERENCES `act_ge_bytearray` (`ID_`) ON DELETE RESTRICT ON UPDATE RESTRICT,
  CONSTRAINT `ACT_FK_VAR_EXE` FOREIGN KEY (`EXECUTION_ID_`) REFERENCES `act_ru_execution` (`ID_`) ON DELETE RESTRICT ON UPDATE RESTRICT,
  CONSTRAINT `ACT_FK_VAR_PROCINST` FOREIGN KEY (`PROC_INST_ID_`) REFERENCES `act_ru_execution` (`ID_`) ON DELETE RESTRICT ON UPDATE RESTRICT
) ENGINE = InnoDB CHARACTER SET = utf8 COLLATE = utf8_bin ROW_FORMAT = Dynamic;

-- ----------------------------
-- Table structure for gen_table
-- ----------------------------
DROP TABLE IF EXISTS `gen_table`;
CREATE TABLE `gen_table`  (
  `table_id` bigint(20) NOT NULL AUTO_INCREMENT COMMENT '编号',
  `table_name` varchar(200) CHARACTER SET utf8 COLLATE utf8_general_ci NULL DEFAULT '' COMMENT '表名称',
  `table_comment` varchar(500) CHARACTER SET utf8 COLLATE utf8_general_ci NULL DEFAULT '' COMMENT '表描述',
  `sub_table_name` varchar(64) CHARACTER SET utf8 COLLATE utf8_general_ci NULL DEFAULT NULL COMMENT '关联父表的表名',
  `sub_table_fk_name` varchar(64) CHARACTER SET utf8 COLLATE utf8_general_ci NULL DEFAULT NULL COMMENT '本表关联父表的外键名',
  `class_name` varchar(100) CHARACTER SET utf8 COLLATE utf8_general_ci NULL DEFAULT '' COMMENT '实体类名称',
  `tpl_category` varchar(200) CHARACTER SET utf8 COLLATE utf8_general_ci NULL DEFAULT 'crud' COMMENT '使用的模板（crud单表操作 tree树表操作 sub主子表操作）',
  `package_name` varchar(100) CHARACTER SET utf8 COLLATE utf8_general_ci NULL DEFAULT NULL COMMENT '生成包路径',
  `module_name` varchar(30) CHARACTER SET utf8 COLLATE utf8_general_ci NULL DEFAULT NULL COMMENT '生成模块名',
  `business_name` varchar(30) CHARACTER SET utf8 COLLATE utf8_general_ci NULL DEFAULT NULL COMMENT '生成业务名',
  `function_name` varchar(50) CHARACTER SET utf8 COLLATE utf8_general_ci NULL DEFAULT NULL COMMENT '生成功能名',
  `function_author` varchar(50) CHARACTER SET utf8 COLLATE utf8_general_ci NULL DEFAULT NULL COMMENT '生成功能作者',
  `options` varchar(1000) CHARACTER SET utf8 COLLATE utf8_general_ci NULL DEFAULT NULL COMMENT '其它生成选项',
  `create_by` varchar(64) CHARACTER SET utf8 COLLATE utf8_general_ci NULL DEFAULT '' COMMENT '创建者',
  `create_time` datetime(0) NULL DEFAULT NULL COMMENT '创建时间',
  `update_by` varchar(64) CHARACTER SET utf8 COLLATE utf8_general_ci NULL DEFAULT '' COMMENT '更新者',
  `update_time` datetime(0) NULL DEFAULT NULL COMMENT '更新时间',
  `remark` varchar(500) CHARACTER SET utf8 COLLATE utf8_general_ci NULL DEFAULT NULL COMMENT '备注',
  PRIMARY KEY (`table_id`) USING BTREE
) ENGINE = InnoDB AUTO_INCREMENT = 5 CHARACTER SET = utf8 COLLATE = utf8_general_ci COMMENT = '代码生成业务表' ROW_FORMAT = Dynamic;

-- ----------------------------
-- Records of gen_table
-- ----------------------------
INSERT INTO `gen_table` VALUES (1, 'sys_notice', '通知公告表', 'sys_dept', 'parent_id', 'SysNotice', 'sub', 'com.ruoyi.system', 'system', 'notice', '通知公告', 'ruoyi', '{\"treeName\":\"\",\"treeParentCode\":\"\",\"treeCode\":\"\"}', 'admin', '2020-06-17 22:04:12', '', NULL, '');
INSERT INTO `gen_table` VALUES (3, 'sys_user_online', '在线用户记录', NULL, NULL, 'SysUserOnline', 'crud', 'com.ruoyi.system', 'system', 'online', '在线用户记录', 'ruoyi', NULL, 'admin', '2020-06-18 10:33:40', '', '2020-06-18 13:56:15', NULL);
INSERT INTO `gen_table` VALUES (4, 'sys_dept', '部门表', '', NULL, 'SysDept', 'tree', 'com.ruoyi.system', 'system', 'dept', '部门', 'ruoyi', '{\"treeName\":\"dept_name\",\"treeParentCode\":\"parent_id\",\"treeCode\":\"dept_id\"}', 'admin', '2020-06-18 10:47:28', '', '2020-06-18 11:35:30', '');

-- ----------------------------
-- Table structure for gen_table_column
-- ----------------------------
DROP TABLE IF EXISTS `gen_table_column`;
CREATE TABLE `gen_table_column`  (
  `column_id` bigint(20) NOT NULL AUTO_INCREMENT COMMENT '编号',
  `table_id` varchar(64) CHARACTER SET utf8 COLLATE utf8_general_ci NULL DEFAULT NULL COMMENT '归属表编号',
  `column_name` varchar(200) CHARACTER SET utf8 COLLATE utf8_general_ci NULL DEFAULT NULL COMMENT '列名称',
  `column_comment` varchar(500) CHARACTER SET utf8 COLLATE utf8_general_ci NULL DEFAULT NULL COMMENT '列描述',
  `column_type` varchar(100) CHARACTER SET utf8 COLLATE utf8_general_ci NULL DEFAULT NULL COMMENT '列类型',
  `java_type` varchar(500) CHARACTER SET utf8 COLLATE utf8_general_ci NULL DEFAULT NULL COMMENT 'JAVA类型',
  `java_field` varchar(200) CHARACTER SET utf8 COLLATE utf8_general_ci NULL DEFAULT NULL COMMENT 'JAVA字段名',
  `is_pk` char(1) CHARACTER SET utf8 COLLATE utf8_general_ci NULL DEFAULT NULL COMMENT '是否主键（1是）',
  `is_increment` char(1) CHARACTER SET utf8 COLLATE utf8_general_ci NULL DEFAULT NULL COMMENT '是否自增（1是）',
  `is_required` char(1) CHARACTER SET utf8 COLLATE utf8_general_ci NULL DEFAULT NULL COMMENT '是否必填（1是）',
  `is_insert` char(1) CHARACTER SET utf8 COLLATE utf8_general_ci NULL DEFAULT NULL COMMENT '是否为插入字段（1是）',
  `is_edit` char(1) CHARACTER SET utf8 COLLATE utf8_general_ci NULL DEFAULT NULL COMMENT '是否编辑字段（1是）',
  `is_list` char(1) CHARACTER SET utf8 COLLATE utf8_general_ci NULL DEFAULT NULL COMMENT '是否列表字段（1是）',
  `is_query` char(1) CHARACTER SET utf8 COLLATE utf8_general_ci NULL DEFAULT NULL COMMENT '是否查询字段（1是）',
  `query_type` varchar(200) CHARACTER SET utf8 COLLATE utf8_general_ci NULL DEFAULT 'EQ' COMMENT '查询方式（等于、不等于、大于、小于、范围）',
  `html_type` varchar(200) CHARACTER SET utf8 COLLATE utf8_general_ci NULL DEFAULT NULL COMMENT '显示类型（文本框、文本域、下拉框、复选框、单选框、日期控件）',
  `dict_type` varchar(200) CHARACTER SET utf8 COLLATE utf8_general_ci NULL DEFAULT '' COMMENT '字典类型',
  `sort` int(11) NULL DEFAULT NULL COMMENT '排序',
  `create_by` varchar(64) CHARACTER SET utf8 COLLATE utf8_general_ci NULL DEFAULT '' COMMENT '创建者',
  `create_time` datetime(0) NULL DEFAULT NULL COMMENT '创建时间',
  `update_by` varchar(64) CHARACTER SET utf8 COLLATE utf8_general_ci NULL DEFAULT '' COMMENT '更新者',
  `update_time` datetime(0) NULL DEFAULT NULL COMMENT '更新时间',
  PRIMARY KEY (`column_id`) USING BTREE
) ENGINE = InnoDB AUTO_INCREMENT = 56 CHARACTER SET = utf8 COLLATE = utf8_general_ci COMMENT = '代码生成业务表字段' ROW_FORMAT = Dynamic;

-- ----------------------------
-- Records of gen_table_column
-- ----------------------------
INSERT INTO `gen_table_column` VALUES (1, '1', 'notice_id', '公告ID', 'int(4)', 'Integer', 'noticeId', '1', '1', NULL, '1', NULL, NULL, NULL, 'EQ', 'input', '', 1, 'admin', '2020-06-17 22:04:12', '', NULL);
INSERT INTO `gen_table_column` VALUES (3, '1', 'notice_type', '公告类型（1通知 2公告）', 'char(1)', 'String', 'noticeType', '0', '0', '1', '1', '1', '1', '1', 'EQ', 'select', '', 3, 'admin', '2020-06-17 22:04:12', '', NULL);
INSERT INTO `gen_table_column` VALUES (4, '1', 'notice_content', '公告内容', 'varchar(2000)', 'String', 'noticeContent', '0', '0', NULL, '1', '1', '1', '1', 'EQ', 'textarea', '', 4, 'admin', '2020-06-17 22:04:12', '', NULL);
INSERT INTO `gen_table_column` VALUES (5, '1', 'status', '公告状态（0正常 1关闭）', 'char(1)', 'String', 'status', '0', '0', NULL, '1', '1', '1', '1', 'EQ', 'radio', '', 5, 'admin', '2020-06-17 22:04:12', '', NULL);
INSERT INTO `gen_table_column` VALUES (6, '1', 'create_by', '创建者', 'varchar(64)', 'String', 'createBy', '0', '0', NULL, '1', NULL, NULL, NULL, 'EQ', 'input', '', 6, 'admin', '2020-06-17 22:04:12', '', NULL);
INSERT INTO `gen_table_column` VALUES (7, '1', 'create_time', '创建时间', 'datetime', 'Date', 'createTime', '0', '0', NULL, '1', NULL, NULL, NULL, 'EQ', 'datetime', '', 7, 'admin', '2020-06-17 22:04:12', '', NULL);
INSERT INTO `gen_table_column` VALUES (8, '1', 'update_by', '更新者', 'varchar(64)', 'String', 'updateBy', '0', '0', NULL, '1', '1', NULL, NULL, 'EQ', 'input', '', 8, 'admin', '2020-06-17 22:04:12', '', NULL);
INSERT INTO `gen_table_column` VALUES (9, '1', 'update_time', '更新时间', 'datetime', 'Date', 'updateTime', '0', '0', NULL, '1', '1', NULL, NULL, 'EQ', 'datetime', '', 9, 'admin', '2020-06-17 22:04:12', '', NULL);
INSERT INTO `gen_table_column` VALUES (10, '1', 'remark', '备注', 'varchar(255)', 'String', 'remark', '0', '0', NULL, '1', '1', '1', NULL, 'EQ', 'input', '', 10, 'admin', '2020-06-17 22:04:12', '', NULL);
INSERT INTO `gen_table_column` VALUES (11, '2', 'dept_id', '部门id', 'bigint(20)', 'Long', 'deptId', '1', '1', NULL, '1', NULL, NULL, NULL, 'EQ', 'input', '', 1, 'admin', NULL, '', NULL);
INSERT INTO `gen_table_column` VALUES (12, '2', 'parent_id', '父部门id', 'bigint(20)', 'Long', 'parentId', '0', '0', NULL, '1', '1', '1', '1', 'EQ', 'input', '', 2, 'admin', NULL, '', NULL);
INSERT INTO `gen_table_column` VALUES (13, '2', 'ancestors', '祖级列表', 'varchar(50)', 'String', 'ancestors', '0', '0', NULL, '1', '1', '1', '1', 'EQ', 'input', '', 3, 'admin', NULL, '', NULL);
INSERT INTO `gen_table_column` VALUES (14, '2', 'dept_name', '部门名称', 'varchar(30)', 'String', 'deptName', '0', '0', NULL, '1', '1', '1', '1', 'LIKE', 'input', '', 4, 'admin', NULL, '', NULL);
INSERT INTO `gen_table_column` VALUES (15, '2', 'order_num', '显示顺序', 'int(4)', 'Integer', 'orderNum', '0', '0', NULL, '1', '1', '1', '1', 'EQ', 'input', '', 5, 'admin', NULL, '', NULL);
INSERT INTO `gen_table_column` VALUES (16, '2', 'leader', '负责人', 'varchar(20)', 'String', 'leader', '0', '0', NULL, '1', '1', '1', '1', 'EQ', 'input', '', 6, 'admin', NULL, '', NULL);
INSERT INTO `gen_table_column` VALUES (17, '2', 'phone', '联系电话', 'varchar(11)', 'String', 'phone', '0', '0', NULL, '1', '1', '1', '1', 'EQ', 'input', '', 7, 'admin', NULL, '', NULL);
INSERT INTO `gen_table_column` VALUES (18, '2', 'email', '邮箱', 'varchar(50)', 'String', 'email', '0', '0', NULL, '1', '1', '1', '1', 'EQ', 'input', '', 8, 'admin', NULL, '', NULL);
INSERT INTO `gen_table_column` VALUES (19, '2', 'status', '部门状态（0正常 1停用）', 'char(1)', 'String', 'status', '0', '0', NULL, '1', '1', '1', '1', 'EQ', 'radio', '', 9, 'admin', NULL, '', NULL);
INSERT INTO `gen_table_column` VALUES (20, '2', 'del_flag', '删除标志（0代表存在 2代表删除）', 'char(1)', 'String', 'delFlag', '0', '0', NULL, '1', NULL, NULL, NULL, 'EQ', 'input', '', 10, 'admin', NULL, '', NULL);
INSERT INTO `gen_table_column` VALUES (21, '2', 'create_by', '创建者', 'varchar(64)', 'String', 'createBy', '0', '0', NULL, '1', NULL, NULL, NULL, 'EQ', 'input', '', 11, 'admin', NULL, '', NULL);
INSERT INTO `gen_table_column` VALUES (22, '2', 'create_time', '创建时间', 'datetime', 'Date', 'createTime', '0', '0', NULL, '1', NULL, NULL, NULL, 'EQ', 'datetime', '', 12, 'admin', NULL, '', NULL);
INSERT INTO `gen_table_column` VALUES (23, '2', 'update_by', '更新者', 'varchar(64)', 'String', 'updateBy', '0', '0', NULL, '1', '1', NULL, NULL, 'EQ', 'input', '', 13, 'admin', NULL, '', NULL);
INSERT INTO `gen_table_column` VALUES (24, '2', 'update_time', '更新时间', 'datetime', 'Date', 'updateTime', '0', '0', NULL, '1', '1', NULL, NULL, 'EQ', 'datetime', '', 14, 'admin', NULL, '', NULL);
INSERT INTO `gen_table_column` VALUES (25, '2', 'remark', '备注', 'varchar(255)', 'String', 'remark', '0', '0', NULL, '1', '1', '1', NULL, 'EQ', 'input', '', 15, 'admin', NULL, '', NULL);
INSERT INTO `gen_table_column` VALUES (26, '3', 'session_id', '用户会话id', 'varchar(50)', 'String', 'sessionId', '1', '0', NULL, '1', NULL, NULL, NULL, 'EQ', 'input', '', 1, 'admin', NULL, '', NULL);
INSERT INTO `gen_table_column` VALUES (27, '3', 'login_name', '登录账号', 'varchar(50)', 'String', 'loginName', '0', '0', NULL, '1', '1', '1', '1', 'LIKE', 'input', '', 2, 'admin', NULL, '', NULL);
INSERT INTO `gen_table_column` VALUES (28, '3', 'dept_name', '部门名称', 'varchar(50)', 'String', 'deptName', '0', '0', NULL, '1', '1', '1', '1', 'LIKE', 'input', '', 3, 'admin', NULL, '', NULL);
INSERT INTO `gen_table_column` VALUES (29, '3', 'ipaddr', '登录IP地址', 'varchar(50)', 'String', 'ipaddr', '0', '0', NULL, '1', '1', '1', '1', 'EQ', 'input', '', 4, 'admin', NULL, '', NULL);
INSERT INTO `gen_table_column` VALUES (30, '3', 'login_location', '登录地点', 'varchar(255)', 'String', 'loginLocation', '0', '0', NULL, '1', '1', '1', '1', 'EQ', 'input', '', 5, 'admin', NULL, '', NULL);
INSERT INTO `gen_table_column` VALUES (31, '3', 'browser', '浏览器类型', 'varchar(50)', 'String', 'browser', '0', '0', NULL, '1', '1', '1', '1', 'EQ', 'input', '', 6, 'admin', NULL, '', NULL);
INSERT INTO `gen_table_column` VALUES (32, '3', 'os', '操作系统', 'varchar(50)', 'String', 'os', '0', '0', NULL, '1', '1', '1', '1', 'EQ', 'input', '', 7, 'admin', NULL, '', NULL);
INSERT INTO `gen_table_column` VALUES (33, '3', 'status', '在线状态on_line在线off_line离线', 'varchar(10)', 'String', 'status', '0', '0', NULL, '1', '1', '1', '1', 'EQ', 'radio', '', 8, 'admin', NULL, '', NULL);
INSERT INTO `gen_table_column` VALUES (34, '3', 'start_timestamp', 'session创建时间', 'datetime', 'Date', 'startTimestamp', '0', '0', NULL, '1', '1', '1', '1', 'EQ', 'datetime', '', 9, 'admin', NULL, '', NULL);
INSERT INTO `gen_table_column` VALUES (35, '3', 'last_access_time', 'session最后访问时间', 'datetime', 'Date', 'lastAccessTime', '0', '0', NULL, '1', '1', '1', '1', 'EQ', 'datetime', '', 10, 'admin', NULL, '', NULL);
INSERT INTO `gen_table_column` VALUES (36, '3', 'expire_time', '超时时间，单位为分钟', 'int(5)', 'Integer', 'expireTime', '0', '0', NULL, '1', '1', '1', '1', 'EQ', 'input', '', 11, 'admin', NULL, '', NULL);
INSERT INTO `gen_table_column` VALUES (37, '3', 'create_by', '添加人', 'varchar(255)', 'String', 'createBy', '0', '0', NULL, '1', NULL, NULL, NULL, 'EQ', 'input', '', 12, 'admin', NULL, '', NULL);
INSERT INTO `gen_table_column` VALUES (38, '3', 'create_time', '添加时间', 'datetime', 'Date', 'createTime', '0', '0', NULL, '1', NULL, NULL, NULL, 'EQ', 'datetime', '', 13, 'admin', NULL, '', NULL);
INSERT INTO `gen_table_column` VALUES (39, '3', 'update_by', '修改人', 'varchar(255)', 'String', 'updateBy', '0', '0', NULL, '1', '1', NULL, NULL, 'EQ', 'input', '', 14, 'admin', NULL, '', NULL);
INSERT INTO `gen_table_column` VALUES (40, '3', 'update_time', '修改时间', 'datetime', 'Date', 'updateTime', '0', '0', NULL, '1', '1', NULL, NULL, 'EQ', 'datetime', '', 15, 'admin', NULL, '', NULL);
INSERT INTO `gen_table_column` VALUES (41, '4', 'dept_id', '部门id', 'bigint(20)', 'Long', 'deptId', '1', '1', NULL, '1', NULL, NULL, NULL, 'EQ', 'input', '', 1, 'admin', NULL, '', NULL);
INSERT INTO `gen_table_column` VALUES (42, '4', 'parent_id', '父部门id', 'bigint(20)', 'Long', 'parentId', '0', '0', NULL, '1', '1', '1', '1', 'EQ', 'input', '', 2, 'admin', NULL, '', NULL);
INSERT INTO `gen_table_column` VALUES (43, '4', 'ancestors', '祖级列表', 'varchar(50)', 'String', 'ancestors', '0', '0', NULL, '1', '1', '1', '1', 'EQ', 'input', '', 3, 'admin', NULL, '', NULL);
INSERT INTO `gen_table_column` VALUES (44, '4', 'dept_name', '部门名称', 'varchar(30)', 'String', 'deptName', '0', '0', NULL, '1', '1', '1', '1', 'LIKE', 'input', '', 4, 'admin', NULL, '', NULL);
INSERT INTO `gen_table_column` VALUES (45, '4', 'order_num', '显示顺序', 'int(4)', 'Integer', 'orderNum', '0', '0', NULL, '1', '1', '1', '1', 'EQ', 'input', '', 5, 'admin', NULL, '', NULL);
INSERT INTO `gen_table_column` VALUES (46, '4', 'leader', '负责人', 'varchar(20)', 'String', 'leader', '0', '0', NULL, '1', '1', '1', '1', 'EQ', 'input', '', 6, 'admin', NULL, '', NULL);
INSERT INTO `gen_table_column` VALUES (47, '4', 'phone', '联系电话', 'varchar(11)', 'String', 'phone', '0', '0', NULL, '1', '1', '1', '1', 'EQ', 'input', '', 7, 'admin', NULL, '', NULL);
INSERT INTO `gen_table_column` VALUES (48, '4', 'email', '邮箱', 'varchar(50)', 'String', 'email', '0', '0', NULL, '1', '1', '1', '1', 'EQ', 'input', '', 8, 'admin', NULL, '', NULL);
INSERT INTO `gen_table_column` VALUES (49, '4', 'status', '部门状态（0正常 1停用）', 'char(1)', 'String', 'status', '0', '0', NULL, '1', '1', '1', '1', 'EQ', 'radio', '', 9, 'admin', NULL, '', NULL);
INSERT INTO `gen_table_column` VALUES (50, '4', 'del_flag', '删除标志（0代表存在 2代表删除）', 'char(1)', 'String', 'delFlag', '0', '0', NULL, '1', NULL, NULL, NULL, 'EQ', 'input', '', 10, 'admin', NULL, '', NULL);
INSERT INTO `gen_table_column` VALUES (51, '4', 'create_by', '创建者', 'varchar(64)', 'String', 'createBy', '0', '0', NULL, '1', NULL, NULL, NULL, 'EQ', 'input', '', 11, 'admin', NULL, '', NULL);
INSERT INTO `gen_table_column` VALUES (52, '4', 'create_time', '创建时间', 'datetime', 'Date', 'createTime', '0', '0', NULL, '1', NULL, NULL, NULL, 'EQ', 'datetime', '', 12, 'admin', NULL, '', NULL);
INSERT INTO `gen_table_column` VALUES (53, '4', 'update_by', '更新者', 'varchar(64)', 'String', 'updateBy', '0', '0', NULL, '1', '1', NULL, NULL, 'EQ', 'input', '', 13, 'admin', NULL, '', NULL);
INSERT INTO `gen_table_column` VALUES (54, '4', 'update_time', '更新时间', 'datetime', 'Date', 'updateTime', '0', '0', NULL, '1', '1', NULL, NULL, 'EQ', 'datetime', '', 14, 'admin', NULL, '', NULL);
INSERT INTO `gen_table_column` VALUES (55, '4', 'remark', '备注', 'varchar(255)', 'String', 'remark', '0', '0', NULL, '1', '1', '1', NULL, 'EQ', 'input', '', 15, 'admin', NULL, '', NULL);

-- ----------------------------
-- Table structure for qrtz_blob_triggers
-- ----------------------------
DROP TABLE IF EXISTS `qrtz_blob_triggers`;
CREATE TABLE `qrtz_blob_triggers`  (
  `sched_name` varchar(120) CHARACTER SET utf8 COLLATE utf8_general_ci NOT NULL,
  `trigger_name` varchar(200) CHARACTER SET utf8 COLLATE utf8_general_ci NOT NULL,
  `trigger_group` varchar(200) CHARACTER SET utf8 COLLATE utf8_general_ci NOT NULL,
  `blob_data` blob NULL,
  PRIMARY KEY (`sched_name`, `trigger_name`, `trigger_group`) USING BTREE,
  CONSTRAINT `qrtz_blob_triggers_ibfk_1` FOREIGN KEY (`sched_name`, `trigger_name`, `trigger_group`) REFERENCES `qrtz_triggers` (`sched_name`, `trigger_name`, `trigger_group`) ON DELETE RESTRICT ON UPDATE RESTRICT
) ENGINE = InnoDB CHARACTER SET = utf8 COLLATE = utf8_general_ci ROW_FORMAT = Dynamic;

-- ----------------------------
-- Table structure for qrtz_calendars
-- ----------------------------
DROP TABLE IF EXISTS `qrtz_calendars`;
CREATE TABLE `qrtz_calendars`  (
  `sched_name` varchar(120) CHARACTER SET utf8 COLLATE utf8_general_ci NOT NULL,
  `calendar_name` varchar(200) CHARACTER SET utf8 COLLATE utf8_general_ci NOT NULL,
  `calendar` blob NOT NULL,
  PRIMARY KEY (`sched_name`, `calendar_name`) USING BTREE
) ENGINE = InnoDB CHARACTER SET = utf8 COLLATE = utf8_general_ci ROW_FORMAT = Dynamic;

-- ----------------------------
-- Table structure for qrtz_cron_triggers
-- ----------------------------
DROP TABLE IF EXISTS `qrtz_cron_triggers`;
CREATE TABLE `qrtz_cron_triggers`  (
  `sched_name` varchar(120) CHARACTER SET utf8 COLLATE utf8_general_ci NOT NULL,
  `trigger_name` varchar(200) CHARACTER SET utf8 COLLATE utf8_general_ci NOT NULL,
  `trigger_group` varchar(200) CHARACTER SET utf8 COLLATE utf8_general_ci NOT NULL,
  `cron_expression` varchar(200) CHARACTER SET utf8 COLLATE utf8_general_ci NOT NULL,
  `time_zone_id` varchar(80) CHARACTER SET utf8 COLLATE utf8_general_ci NULL DEFAULT NULL,
  PRIMARY KEY (`sched_name`, `trigger_name`, `trigger_group`) USING BTREE,
  CONSTRAINT `qrtz_cron_triggers_ibfk_1` FOREIGN KEY (`sched_name`, `trigger_name`, `trigger_group`) REFERENCES `qrtz_triggers` (`sched_name`, `trigger_name`, `trigger_group`) ON DELETE RESTRICT ON UPDATE RESTRICT
) ENGINE = InnoDB CHARACTER SET = utf8 COLLATE = utf8_general_ci ROW_FORMAT = Dynamic;

-- ----------------------------
-- Records of qrtz_cron_triggers
-- ----------------------------
INSERT INTO `qrtz_cron_triggers` VALUES ('RuoyiScheduler', 'TASK_CLASS_NAME1', 'DEFAULT', '0/10 * * * * ?', 'Asia/Shanghai');
INSERT INTO `qrtz_cron_triggers` VALUES ('RuoyiScheduler', 'TASK_CLASS_NAME2', 'DEFAULT', '0/15 * * * * ?', 'Asia/Shanghai');
INSERT INTO `qrtz_cron_triggers` VALUES ('RuoyiScheduler', 'TASK_CLASS_NAME3', 'DEFAULT', '0/20 * * * * ?', 'Asia/Shanghai');

-- ----------------------------
-- Table structure for qrtz_fired_triggers
-- ----------------------------
DROP TABLE IF EXISTS `qrtz_fired_triggers`;
CREATE TABLE `qrtz_fired_triggers`  (
  `sched_name` varchar(120) CHARACTER SET utf8 COLLATE utf8_general_ci NOT NULL,
  `entry_id` varchar(95) CHARACTER SET utf8 COLLATE utf8_general_ci NOT NULL,
  `trigger_name` varchar(200) CHARACTER SET utf8 COLLATE utf8_general_ci NOT NULL,
  `trigger_group` varchar(200) CHARACTER SET utf8 COLLATE utf8_general_ci NOT NULL,
  `instance_name` varchar(200) CHARACTER SET utf8 COLLATE utf8_general_ci NOT NULL,
  `fired_time` bigint(13) NOT NULL,
  `sched_time` bigint(13) NOT NULL,
  `priority` int(11) NOT NULL,
  `state` varchar(16) CHARACTER SET utf8 COLLATE utf8_general_ci NOT NULL,
  `job_name` varchar(200) CHARACTER SET utf8 COLLATE utf8_general_ci NULL DEFAULT NULL,
  `job_group` varchar(200) CHARACTER SET utf8 COLLATE utf8_general_ci NULL DEFAULT NULL,
  `is_nonconcurrent` varchar(1) CHARACTER SET utf8 COLLATE utf8_general_ci NULL DEFAULT NULL,
  `requests_recovery` varchar(1) CHARACTER SET utf8 COLLATE utf8_general_ci NULL DEFAULT NULL,
  PRIMARY KEY (`sched_name`, `entry_id`) USING BTREE
) ENGINE = InnoDB CHARACTER SET = utf8 COLLATE = utf8_general_ci ROW_FORMAT = Dynamic;

-- ----------------------------
-- Table structure for qrtz_job_details
-- ----------------------------
DROP TABLE IF EXISTS `qrtz_job_details`;
CREATE TABLE `qrtz_job_details`  (
  `sched_name` varchar(120) CHARACTER SET utf8 COLLATE utf8_general_ci NOT NULL,
  `job_name` varchar(200) CHARACTER SET utf8 COLLATE utf8_general_ci NOT NULL,
  `job_group` varchar(200) CHARACTER SET utf8 COLLATE utf8_general_ci NOT NULL,
  `description` varchar(250) CHARACTER SET utf8 COLLATE utf8_general_ci NULL DEFAULT NULL,
  `job_class_name` varchar(250) CHARACTER SET utf8 COLLATE utf8_general_ci NOT NULL,
  `is_durable` varchar(1) CHARACTER SET utf8 COLLATE utf8_general_ci NOT NULL,
  `is_nonconcurrent` varchar(1) CHARACTER SET utf8 COLLATE utf8_general_ci NOT NULL,
  `is_update_data` varchar(1) CHARACTER SET utf8 COLLATE utf8_general_ci NOT NULL,
  `requests_recovery` varchar(1) CHARACTER SET utf8 COLLATE utf8_general_ci NOT NULL,
  `job_data` blob NULL,
  PRIMARY KEY (`sched_name`, `job_name`, `job_group`) USING BTREE
) ENGINE = InnoDB CHARACTER SET = utf8 COLLATE = utf8_general_ci ROW_FORMAT = Dynamic;

-- ----------------------------
-- Records of qrtz_job_details
-- ----------------------------
INSERT INTO `qrtz_job_details` VALUES ('RuoyiScheduler', 'TASK_CLASS_NAME1', 'DEFAULT', NULL, 'com.ruoyi.quartz.util.QuartzDisallowConcurrentExecution', '0', '1', '0', '0', 0xACED0005737200156F72672E71756172747A2E4A6F62446174614D61709FB083E8BFA9B0CB020000787200266F72672E71756172747A2E7574696C732E537472696E674B65794469727479466C61674D61708208E8C3FBC55D280200015A0013616C6C6F77735472616E7369656E74446174617872001D6F72672E71756172747A2E7574696C732E4469727479466C61674D617013E62EAD28760ACE0200025A000564697274794C00036D617074000F4C6A6176612F7574696C2F4D61703B787001737200116A6176612E7574696C2E486173684D61700507DAC1C31660D103000246000A6C6F6164466163746F724900097468726573686F6C6478703F4000000000000C7708000000100000000174000F5441534B5F50524F504552544945537372001E636F6D2E72756F79692E71756172747A2E646F6D61696E2E5379734A6F6200000000000000010200084C000A636F6E63757272656E747400124C6A6176612F6C616E672F537472696E673B4C000E63726F6E45787072657373696F6E71007E00094C000C696E766F6B6554617267657471007E00094C00086A6F6247726F757071007E00094C00056A6F6249647400104C6A6176612F6C616E672F4C6F6E673B4C00076A6F624E616D6571007E00094C000D6D697366697265506F6C69637971007E00094C000673746174757371007E000978720027636F6D2E72756F79692E636F6D6D6F6E2E636F72652E646F6D61696E2E42617365456E7469747900000000000000010200074C0008637265617465427971007E00094C000A63726561746554696D657400104C6A6176612F7574696C2F446174653B4C0006706172616D7371007E00034C000672656D61726B71007E00094C000B73656172636856616C756571007E00094C0008757064617465427971007E00094C000A75706461746554696D6571007E000C787074000561646D696E7372000E6A6176612E7574696C2E44617465686A81014B59741903000078707708000001622CDE29E078707400007074000561646D696E7371007E000F770800000172C5C4A390787400013174000E302F3130202A202A202A202A203F74001172795461736B2E72794E6F506172616D7374000744454641554C547372000E6A6176612E6C616E672E4C6F6E673B8BE490CC8F23DF0200014A000576616C7565787200106A6176612E6C616E672E4E756D62657286AC951D0B94E08B02000078700000000000000001740018E7B3BBE7BB9FE9BB98E8AEA4EFBC88E697A0E58F82EFBC8974000133740001317800);
INSERT INTO `qrtz_job_details` VALUES ('RuoyiScheduler', 'TASK_CLASS_NAME2', 'DEFAULT', NULL, 'com.ruoyi.quartz.util.QuartzDisallowConcurrentExecution', '0', '1', '0', '0', 0xACED0005737200156F72672E71756172747A2E4A6F62446174614D61709FB083E8BFA9B0CB020000787200266F72672E71756172747A2E7574696C732E537472696E674B65794469727479466C61674D61708208E8C3FBC55D280200015A0013616C6C6F77735472616E7369656E74446174617872001D6F72672E71756172747A2E7574696C732E4469727479466C61674D617013E62EAD28760ACE0200025A000564697274794C00036D617074000F4C6A6176612F7574696C2F4D61703B787001737200116A6176612E7574696C2E486173684D61700507DAC1C31660D103000246000A6C6F6164466163746F724900097468726573686F6C6478703F4000000000000C7708000000100000000174000F5441534B5F50524F504552544945537372001E636F6D2E72756F79692E71756172747A2E646F6D61696E2E5379734A6F6200000000000000010200084C000A636F6E63757272656E747400124C6A6176612F6C616E672F537472696E673B4C000E63726F6E45787072657373696F6E71007E00094C000C696E766F6B6554617267657471007E00094C00086A6F6247726F757071007E00094C00056A6F6249647400104C6A6176612F6C616E672F4C6F6E673B4C00076A6F624E616D6571007E00094C000D6D697366697265506F6C69637971007E00094C000673746174757371007E000978720027636F6D2E72756F79692E636F6D6D6F6E2E636F72652E646F6D61696E2E42617365456E7469747900000000000000010200074C0008637265617465427971007E00094C000A63726561746554696D657400104C6A6176612F7574696C2F446174653B4C0006706172616D7371007E00034C000672656D61726B71007E00094C000B73656172636856616C756571007E00094C0008757064617465427971007E00094C000A75706461746554696D6571007E000C787074000561646D696E7372000E6A6176612E7574696C2E44617465686A81014B59741903000078707708000001622CDE29E078707400007074000272797371007E000F7708000001622CDE29E0787400013174000E302F3135202A202A202A202A203F74001572795461736B2E7279506172616D7328277279272974000744454641554C547372000E6A6176612E6C616E672E4C6F6E673B8BE490CC8F23DF0200014A000576616C7565787200106A6176612E6C616E672E4E756D62657286AC951D0B94E08B02000078700000000000000002740018E7B3BBE7BB9FE9BB98E8AEA4EFBC88E69C89E58F82EFBC8974000133740001317800);
INSERT INTO `qrtz_job_details` VALUES ('RuoyiScheduler', 'TASK_CLASS_NAME3', 'DEFAULT', NULL, 'com.ruoyi.quartz.util.QuartzDisallowConcurrentExecution', '0', '1', '0', '0', 0xACED0005737200156F72672E71756172747A2E4A6F62446174614D61709FB083E8BFA9B0CB020000787200266F72672E71756172747A2E7574696C732E537472696E674B65794469727479466C61674D61708208E8C3FBC55D280200015A0013616C6C6F77735472616E7369656E74446174617872001D6F72672E71756172747A2E7574696C732E4469727479466C61674D617013E62EAD28760ACE0200025A000564697274794C00036D617074000F4C6A6176612F7574696C2F4D61703B787001737200116A6176612E7574696C2E486173684D61700507DAC1C31660D103000246000A6C6F6164466163746F724900097468726573686F6C6478703F4000000000000C7708000000100000000174000F5441534B5F50524F504552544945537372001E636F6D2E72756F79692E71756172747A2E646F6D61696E2E5379734A6F6200000000000000010200084C000A636F6E63757272656E747400124C6A6176612F6C616E672F537472696E673B4C000E63726F6E45787072657373696F6E71007E00094C000C696E766F6B6554617267657471007E00094C00086A6F6247726F757071007E00094C00056A6F6249647400104C6A6176612F6C616E672F4C6F6E673B4C00076A6F624E616D6571007E00094C000D6D697366697265506F6C69637971007E00094C000673746174757371007E000978720027636F6D2E72756F79692E636F6D6D6F6E2E636F72652E646F6D61696E2E42617365456E7469747900000000000000010200074C0008637265617465427971007E00094C000A63726561746554696D657400104C6A6176612F7574696C2F446174653B4C0006706172616D7371007E00034C000672656D61726B71007E00094C000B73656172636856616C756571007E00094C0008757064617465427971007E00094C000A75706461746554696D6571007E000C787074000561646D696E7372000E6A6176612E7574696C2E44617465686A81014B59741903000078707708000001622CDE29E078707400007074000272797371007E000F7708000001622CDE29E0787400013174000E302F3230202A202A202A202A203F74003872795461736B2E72794D756C7469706C65506172616D7328277279272C20747275652C20323030304C2C203331362E3530442C203130302974000744454641554C547372000E6A6176612E6C616E672E4C6F6E673B8BE490CC8F23DF0200014A000576616C7565787200106A6176612E6C616E672E4E756D62657286AC951D0B94E08B02000078700000000000000003740018E7B3BBE7BB9FE9BB98E8AEA4EFBC88E5A49AE58F82EFBC8974000133740001317800);

-- ----------------------------
-- Table structure for qrtz_locks
-- ----------------------------
DROP TABLE IF EXISTS `qrtz_locks`;
CREATE TABLE `qrtz_locks`  (
  `sched_name` varchar(120) CHARACTER SET utf8 COLLATE utf8_general_ci NOT NULL,
  `lock_name` varchar(40) CHARACTER SET utf8 COLLATE utf8_general_ci NOT NULL,
  PRIMARY KEY (`sched_name`, `lock_name`) USING BTREE
) ENGINE = InnoDB CHARACTER SET = utf8 COLLATE = utf8_general_ci ROW_FORMAT = Dynamic;

-- ----------------------------
-- Records of qrtz_locks
-- ----------------------------
INSERT INTO `qrtz_locks` VALUES ('RuoyiScheduler', 'STATE_ACCESS');
INSERT INTO `qrtz_locks` VALUES ('RuoyiScheduler', 'TRIGGER_ACCESS');

-- ----------------------------
-- Table structure for qrtz_paused_trigger_grps
-- ----------------------------
DROP TABLE IF EXISTS `qrtz_paused_trigger_grps`;
CREATE TABLE `qrtz_paused_trigger_grps`  (
  `sched_name` varchar(120) CHARACTER SET utf8 COLLATE utf8_general_ci NOT NULL,
  `trigger_group` varchar(200) CHARACTER SET utf8 COLLATE utf8_general_ci NOT NULL,
  PRIMARY KEY (`sched_name`, `trigger_group`) USING BTREE
) ENGINE = InnoDB CHARACTER SET = utf8 COLLATE = utf8_general_ci ROW_FORMAT = Dynamic;

-- ----------------------------
-- Table structure for qrtz_scheduler_state
-- ----------------------------
DROP TABLE IF EXISTS `qrtz_scheduler_state`;
CREATE TABLE `qrtz_scheduler_state`  (
  `sched_name` varchar(120) CHARACTER SET utf8 COLLATE utf8_general_ci NOT NULL,
  `instance_name` varchar(200) CHARACTER SET utf8 COLLATE utf8_general_ci NOT NULL,
  `last_checkin_time` bigint(13) NOT NULL,
  `checkin_interval` bigint(13) NOT NULL,
  PRIMARY KEY (`sched_name`, `instance_name`) USING BTREE
) ENGINE = InnoDB CHARACTER SET = utf8 COLLATE = utf8_general_ci ROW_FORMAT = Dynamic;

-- ----------------------------
-- Records of qrtz_scheduler_state
-- ----------------------------
INSERT INTO `qrtz_scheduler_state` VALUES ('RuoyiScheduler', 'LAPTOP-N0VHN7Q01592480532252', 1592481125367, 15000);

-- ----------------------------
-- Table structure for qrtz_simple_triggers
-- ----------------------------
DROP TABLE IF EXISTS `qrtz_simple_triggers`;
CREATE TABLE `qrtz_simple_triggers`  (
  `sched_name` varchar(120) CHARACTER SET utf8 COLLATE utf8_general_ci NOT NULL,
  `trigger_name` varchar(200) CHARACTER SET utf8 COLLATE utf8_general_ci NOT NULL,
  `trigger_group` varchar(200) CHARACTER SET utf8 COLLATE utf8_general_ci NOT NULL,
  `repeat_count` bigint(7) NOT NULL,
  `repeat_interval` bigint(12) NOT NULL,
  `times_triggered` bigint(10) NOT NULL,
  PRIMARY KEY (`sched_name`, `trigger_name`, `trigger_group`) USING BTREE,
  CONSTRAINT `qrtz_simple_triggers_ibfk_1` FOREIGN KEY (`sched_name`, `trigger_name`, `trigger_group`) REFERENCES `qrtz_triggers` (`sched_name`, `trigger_name`, `trigger_group`) ON DELETE RESTRICT ON UPDATE RESTRICT
) ENGINE = InnoDB CHARACTER SET = utf8 COLLATE = utf8_general_ci ROW_FORMAT = Dynamic;

-- ----------------------------
-- Table structure for qrtz_simprop_triggers
-- ----------------------------
DROP TABLE IF EXISTS `qrtz_simprop_triggers`;
CREATE TABLE `qrtz_simprop_triggers`  (
  `sched_name` varchar(120) CHARACTER SET utf8 COLLATE utf8_general_ci NOT NULL,
  `trigger_name` varchar(200) CHARACTER SET utf8 COLLATE utf8_general_ci NOT NULL,
  `trigger_group` varchar(200) CHARACTER SET utf8 COLLATE utf8_general_ci NOT NULL,
  `str_prop_1` varchar(512) CHARACTER SET utf8 COLLATE utf8_general_ci NULL DEFAULT NULL,
  `str_prop_2` varchar(512) CHARACTER SET utf8 COLLATE utf8_general_ci NULL DEFAULT NULL,
  `str_prop_3` varchar(512) CHARACTER SET utf8 COLLATE utf8_general_ci NULL DEFAULT NULL,
  `int_prop_1` int(11) NULL DEFAULT NULL,
  `int_prop_2` int(11) NULL DEFAULT NULL,
  `long_prop_1` bigint(20) NULL DEFAULT NULL,
  `long_prop_2` bigint(20) NULL DEFAULT NULL,
  `dec_prop_1` decimal(13, 4) NULL DEFAULT NULL,
  `dec_prop_2` decimal(13, 4) NULL DEFAULT NULL,
  `bool_prop_1` varchar(1) CHARACTER SET utf8 COLLATE utf8_general_ci NULL DEFAULT NULL,
  `bool_prop_2` varchar(1) CHARACTER SET utf8 COLLATE utf8_general_ci NULL DEFAULT NULL,
  PRIMARY KEY (`sched_name`, `trigger_name`, `trigger_group`) USING BTREE,
  CONSTRAINT `qrtz_simprop_triggers_ibfk_1` FOREIGN KEY (`sched_name`, `trigger_name`, `trigger_group`) REFERENCES `qrtz_triggers` (`sched_name`, `trigger_name`, `trigger_group`) ON DELETE RESTRICT ON UPDATE RESTRICT
) ENGINE = InnoDB CHARACTER SET = utf8 COLLATE = utf8_general_ci ROW_FORMAT = Dynamic;

-- ----------------------------
-- Table structure for qrtz_triggers
-- ----------------------------
DROP TABLE IF EXISTS `qrtz_triggers`;
CREATE TABLE `qrtz_triggers`  (
  `sched_name` varchar(120) CHARACTER SET utf8 COLLATE utf8_general_ci NOT NULL,
  `trigger_name` varchar(200) CHARACTER SET utf8 COLLATE utf8_general_ci NOT NULL,
  `trigger_group` varchar(200) CHARACTER SET utf8 COLLATE utf8_general_ci NOT NULL,
  `job_name` varchar(200) CHARACTER SET utf8 COLLATE utf8_general_ci NOT NULL,
  `job_group` varchar(200) CHARACTER SET utf8 COLLATE utf8_general_ci NOT NULL,
  `description` varchar(250) CHARACTER SET utf8 COLLATE utf8_general_ci NULL DEFAULT NULL,
  `next_fire_time` bigint(13) NULL DEFAULT NULL,
  `prev_fire_time` bigint(13) NULL DEFAULT NULL,
  `priority` int(11) NULL DEFAULT NULL,
  `trigger_state` varchar(16) CHARACTER SET utf8 COLLATE utf8_general_ci NOT NULL,
  `trigger_type` varchar(8) CHARACTER SET utf8 COLLATE utf8_general_ci NOT NULL,
  `start_time` bigint(13) NOT NULL,
  `end_time` bigint(13) NULL DEFAULT NULL,
  `calendar_name` varchar(200) CHARACTER SET utf8 COLLATE utf8_general_ci NULL DEFAULT NULL,
  `misfire_instr` smallint(2) NULL DEFAULT NULL,
  `job_data` blob NULL,
  PRIMARY KEY (`sched_name`, `trigger_name`, `trigger_group`) USING BTREE,
  INDEX `sched_name`(`sched_name`, `job_name`, `job_group`) USING BTREE,
  CONSTRAINT `qrtz_triggers_ibfk_1` FOREIGN KEY (`sched_name`, `job_name`, `job_group`) REFERENCES `qrtz_job_details` (`sched_name`, `job_name`, `job_group`) ON DELETE RESTRICT ON UPDATE RESTRICT
) ENGINE = InnoDB CHARACTER SET = utf8 COLLATE = utf8_general_ci ROW_FORMAT = Dynamic;

-- ----------------------------
-- Records of qrtz_triggers
-- ----------------------------
INSERT INTO `qrtz_triggers` VALUES ('RuoyiScheduler', 'TASK_CLASS_NAME1', 'DEFAULT', 'TASK_CLASS_NAME1', 'DEFAULT', NULL, 1592480540000, -1, 5, 'PAUSED', 'CRON', 1592480532000, 0, NULL, 2, '');
INSERT INTO `qrtz_triggers` VALUES ('RuoyiScheduler', 'TASK_CLASS_NAME2', 'DEFAULT', 'TASK_CLASS_NAME2', 'DEFAULT', NULL, 1592480535000, -1, 5, 'PAUSED', 'CRON', 1592480532000, 0, NULL, 2, '');
INSERT INTO `qrtz_triggers` VALUES ('RuoyiScheduler', 'TASK_CLASS_NAME3', 'DEFAULT', 'TASK_CLASS_NAME3', 'DEFAULT', NULL, 1592480540000, -1, 5, 'PAUSED', 'CRON', 1592480532000, 0, NULL, 2, '');

-- ----------------------------
-- Table structure for sys_config
-- ----------------------------
DROP TABLE IF EXISTS `sys_config`;
CREATE TABLE `sys_config`  (
  `config_id` int(5) NOT NULL AUTO_INCREMENT COMMENT '参数主键',
  `config_name` varchar(100) CHARACTER SET utf8 COLLATE utf8_general_ci NULL DEFAULT '' COMMENT '参数名称',
  `config_key` varchar(100) CHARACTER SET utf8 COLLATE utf8_general_ci NULL DEFAULT '' COMMENT '参数键名',
  `config_value` varchar(500) CHARACTER SET utf8 COLLATE utf8_general_ci NULL DEFAULT '' COMMENT '参数键值',
  `config_type` char(1) CHARACTER SET utf8 COLLATE utf8_general_ci NULL DEFAULT 'N' COMMENT '系统内置（Y是 N否）',
  `create_by` varchar(64) CHARACTER SET utf8 COLLATE utf8_general_ci NULL DEFAULT '' COMMENT '创建者',
  `create_time` datetime(0) NULL DEFAULT NULL COMMENT '创建时间',
  `update_by` varchar(64) CHARACTER SET utf8 COLLATE utf8_general_ci NULL DEFAULT '' COMMENT '更新者',
  `update_time` datetime(0) NULL DEFAULT NULL COMMENT '更新时间',
  `remark` varchar(500) CHARACTER SET utf8 COLLATE utf8_general_ci NULL DEFAULT NULL COMMENT '备注',
  PRIMARY KEY (`config_id`) USING BTREE
) ENGINE = InnoDB AUTO_INCREMENT = 104 CHARACTER SET = utf8 COLLATE = utf8_general_ci COMMENT = '参数配置表' ROW_FORMAT = Dynamic;

-- ----------------------------
-- Records of sys_config
-- ----------------------------
INSERT INTO `sys_config` VALUES (1, '主框架页-默认皮肤样式名称', 'sys.index.skinName', 'skin-blue', 'Y', 'admin', '2018-03-16 11:33:00', 'admin', NULL, '蓝色 skin-blue、绿色 skin-green、紫色 skin-purple、红色 skin-red、黄色 skin-yellow');
INSERT INTO `sys_config` VALUES (2, '用户管理-账号初始密码', 'sys.user.initPassword', '123456', 'Y', 'admin', '2018-03-16 11:33:00', 'ry', '2018-03-16 11:33:00', '初始化密码 123456');
INSERT INTO `sys_config` VALUES (3, '主框架页-侧边栏主题', 'sys.index.sideTheme', 'theme-dark', 'Y', 'admin', '2018-03-16 11:33:00', 'ry', '2018-03-16 11:33:00', '深黑主题theme-dark，浅色主题theme-light，深蓝主题theme-blue');
INSERT INTO `sys_config` VALUES (4, '账号自助-是否开启用户注册功能', 'sys.account.registerUser', 'false', 'Y', 'admin', '2018-03-16 11:33:00', 'ry', '2018-03-16 11:33:00', '是否开启注册用户功能');

-- ----------------------------
-- Table structure for sys_dept
-- ----------------------------
DROP TABLE IF EXISTS `sys_dept`;
CREATE TABLE `sys_dept`  (
  `dept_id` bigint(20) NOT NULL AUTO_INCREMENT COMMENT '部门id',
  `parent_id` bigint(20) NULL DEFAULT 0 COMMENT '父部门id',
  `ancestors` varchar(50) CHARACTER SET utf8 COLLATE utf8_general_ci NULL DEFAULT '' COMMENT '祖级列表',
  `dept_name` varchar(30) CHARACTER SET utf8 COLLATE utf8_general_ci NULL DEFAULT '' COMMENT '部门名称',
  `order_num` int(4) NULL DEFAULT 0 COMMENT '显示顺序',
  `leader` varchar(20) CHARACTER SET utf8 COLLATE utf8_general_ci NULL DEFAULT NULL COMMENT '负责人',
  `phone` varchar(11) CHARACTER SET utf8 COLLATE utf8_general_ci NULL DEFAULT NULL COMMENT '联系电话',
  `email` varchar(50) CHARACTER SET utf8 COLLATE utf8_general_ci NULL DEFAULT NULL COMMENT '邮箱',
  `status` char(1) CHARACTER SET utf8 COLLATE utf8_general_ci NULL DEFAULT '0' COMMENT '部门状态（0正常 1停用）',
  `del_flag` char(1) CHARACTER SET utf8 COLLATE utf8_general_ci NULL DEFAULT '0' COMMENT '删除标志（0代表存在 2代表删除）',
  `create_by` varchar(64) CHARACTER SET utf8 COLLATE utf8_general_ci NULL DEFAULT '' COMMENT '创建者',
  `create_time` datetime(0) NULL DEFAULT NULL COMMENT '创建时间',
  `update_by` varchar(64) CHARACTER SET utf8 COLLATE utf8_general_ci NULL DEFAULT '' COMMENT '更新者',
  `update_time` datetime(0) NULL DEFAULT NULL COMMENT '更新时间',
  `remark` varchar(255) CHARACTER SET utf8 COLLATE utf8_general_ci NULL DEFAULT NULL COMMENT '备注',
  PRIMARY KEY (`dept_id`) USING BTREE
) ENGINE = InnoDB AUTO_INCREMENT = 201 CHARACTER SET = utf8 COLLATE = utf8_general_ci COMMENT = '部门表' ROW_FORMAT = Dynamic;

-- ----------------------------
-- Records of sys_dept
-- ----------------------------
INSERT INTO `sys_dept` VALUES (100, 0, '0', '若依科技', 0, '若依', '15888888888', 'ry@qq.com', '0', '0', 'admin', '2018-03-16 11:33:00', 'admin', '2020-06-18 11:18:30', NULL);
INSERT INTO `sys_dept` VALUES (101, 100, '0,100', '深圳总公司', 1, '若依', '15888888888', 'ry@qq.com', '0', '0', 'admin', '2018-03-16 11:33:00', 'admin', '2020-06-18 11:18:30', NULL);
INSERT INTO `sys_dept` VALUES (102, 100, '0,100', '长沙分公司', 2, '若依', '15888888888', 'ry@qq.com', '0', '0', 'admin', '2018-03-16 11:33:00', 'ry', '2018-03-16 11:33:00', NULL);
INSERT INTO `sys_dept` VALUES (103, 101, '0,100,101', '研发部门', 1, '若依', '15888888888', 'ry@qq.com', '0', '0', 'admin', '2018-03-16 11:33:00', 'admin', '2020-06-18 11:18:30', NULL);
INSERT INTO `sys_dept` VALUES (104, 101, '0,100,101', '市场部门', 2, '若依', '15888888888', 'ry@qq.com', '0', '0', 'admin', '2018-03-16 11:33:00', 'ry', '2018-03-16 11:33:00', NULL);
INSERT INTO `sys_dept` VALUES (105, 101, '0,100,101', '测试部门', 3, '若依', '15888888888', 'ry@qq.com', '0', '0', 'admin', '2018-03-16 11:33:00', 'ry', '2018-03-16 11:33:00', NULL);
INSERT INTO `sys_dept` VALUES (106, 101, '0,100,101', '财务部门', 4, '若依', '15888888888', 'ry@qq.com', '0', '0', 'admin', '2018-03-16 11:33:00', 'ry', '2018-03-16 11:33:00', NULL);
INSERT INTO `sys_dept` VALUES (107, 101, '0,100,101', '运维部门', 5, '若依', '15888888888', 'ry@qq.com', '0', '0', 'admin', '2018-03-16 11:33:00', 'ry', '2018-03-16 11:33:00', NULL);
INSERT INTO `sys_dept` VALUES (108, 102, '0,100,102', '市场部门', 1, '若依', '15888888888', 'ry@qq.com', '0', '0', 'admin', '2018-03-16 11:33:00', 'ry', '2018-03-16 11:33:00', NULL);
INSERT INTO `sys_dept` VALUES (109, 102, '0,100,102', '财务部门', 2, '若依', '15888888888', 'ry@qq.com', '0', '0', 'admin', '2018-03-16 11:33:00', 'ry', '2018-03-16 11:33:00', NULL);

-- ----------------------------
-- Table structure for sys_dict_data
-- ----------------------------
DROP TABLE IF EXISTS `sys_dict_data`;
CREATE TABLE `sys_dict_data`  (
  `dict_code` bigint(20) NOT NULL AUTO_INCREMENT COMMENT '字典编码',
  `dict_sort` int(4) NULL DEFAULT 0 COMMENT '字典排序',
  `dict_label` varchar(100) CHARACTER SET utf8 COLLATE utf8_general_ci NULL DEFAULT '' COMMENT '字典标签',
  `dict_value` varchar(100) CHARACTER SET utf8 COLLATE utf8_general_ci NULL DEFAULT '' COMMENT '字典键值',
  `dict_type` varchar(100) CHARACTER SET utf8 COLLATE utf8_general_ci NULL DEFAULT '' COMMENT '字典类型',
  `css_class` varchar(100) CHARACTER SET utf8 COLLATE utf8_general_ci NULL DEFAULT NULL COMMENT '样式属性（其他样式扩展）',
  `list_class` varchar(100) CHARACTER SET utf8 COLLATE utf8_general_ci NULL DEFAULT NULL COMMENT '表格回显样式',
  `is_default` char(1) CHARACTER SET utf8 COLLATE utf8_general_ci NULL DEFAULT 'N' COMMENT '是否默认（Y是 N否）',
  `status` char(1) CHARACTER SET utf8 COLLATE utf8_general_ci NULL DEFAULT '0' COMMENT '状态（0正常 1停用）',
  `create_by` varchar(64) CHARACTER SET utf8 COLLATE utf8_general_ci NULL DEFAULT '' COMMENT '创建者',
  `create_time` datetime(0) NULL DEFAULT NULL COMMENT '创建时间',
  `update_by` varchar(64) CHARACTER SET utf8 COLLATE utf8_general_ci NULL DEFAULT '' COMMENT '更新者',
  `update_time` datetime(0) NULL DEFAULT NULL COMMENT '更新时间',
  `remark` varchar(500) CHARACTER SET utf8 COLLATE utf8_general_ci NULL DEFAULT NULL COMMENT '备注',
  PRIMARY KEY (`dict_code`) USING BTREE
) ENGINE = InnoDB AUTO_INCREMENT = 101 CHARACTER SET = utf8 COLLATE = utf8_general_ci COMMENT = '字典数据表' ROW_FORMAT = Dynamic;

-- ----------------------------
-- Records of sys_dict_data
-- ----------------------------
INSERT INTO `sys_dict_data` VALUES (1, 1, '男', '0', 'sys_user_sex', '', '', 'Y', '0', 'admin', '2018-03-16 11:33:00', 'ry', '2018-03-16 11:33:00', '性别男');
INSERT INTO `sys_dict_data` VALUES (2, 2, '女', '1', 'sys_user_sex', '', '', 'N', '0', 'admin', '2018-03-16 11:33:00', 'ry', '2018-03-16 11:33:00', '性别女');
INSERT INTO `sys_dict_data` VALUES (3, 3, '未知', '2', 'sys_user_sex', '', '', 'N', '0', 'admin', '2018-03-16 11:33:00', 'ry', '2018-03-16 11:33:00', '性别未知');
INSERT INTO `sys_dict_data` VALUES (4, 1, '显示', '0', 'sys_show_hide', '', 'primary', 'Y', '0', 'admin', '2018-03-16 11:33:00', 'ry', '2018-03-16 11:33:00', '显示菜单');
INSERT INTO `sys_dict_data` VALUES (5, 2, '隐藏', '1', 'sys_show_hide', '', 'danger', 'N', '0', 'admin', '2018-03-16 11:33:00', 'ry', '2018-03-16 11:33:00', '隐藏菜单');
INSERT INTO `sys_dict_data` VALUES (6, 1, '正常', '0', 'sys_normal_disable', '', 'primary', 'Y', '0', 'admin', '2018-03-16 11:33:00', 'ry', '2018-03-16 11:33:00', '正常状态');
INSERT INTO `sys_dict_data` VALUES (7, 2, '停用', '1', 'sys_normal_disable', '', 'danger', 'N', '0', 'admin', '2018-03-16 11:33:00', 'ry', '2018-03-16 11:33:00', '停用状态');
INSERT INTO `sys_dict_data` VALUES (8, 1, '正常', '0', 'sys_job_status', '', 'primary', 'Y', '0', 'admin', '2018-03-16 11:33:00', 'ry', '2018-03-16 11:33:00', '正常状态');
INSERT INTO `sys_dict_data` VALUES (9, 2, '暂停', '1', 'sys_job_status', '', 'danger', 'N', '0', 'admin', '2018-03-16 11:33:00', 'ry', '2018-03-16 11:33:00', '停用状态');
INSERT INTO `sys_dict_data` VALUES (10, 1, '默认', 'DEFAULT', 'sys_job_group', '', '', 'Y', '0', 'admin', '2018-03-16 11:33:00', 'ry', '2018-03-16 11:33:00', '默认分组');
INSERT INTO `sys_dict_data` VALUES (11, 2, '系统', 'SYSTEM', 'sys_job_group', '', '', 'N', '0', 'admin', '2018-03-16 11:33:00', 'ry', '2018-03-16 11:33:00', '系统分组');
INSERT INTO `sys_dict_data` VALUES (12, 1, '是', 'Y', 'sys_yes_no', '', 'primary', 'Y', '0', 'admin', '2018-03-16 11:33:00', 'ry', '2018-03-16 11:33:00', '系统默认是');
INSERT INTO `sys_dict_data` VALUES (13, 2, '否', 'N', 'sys_yes_no', '', 'danger', 'N', '0', 'admin', '2018-03-16 11:33:00', 'ry', '2018-03-16 11:33:00', '系统默认否');
INSERT INTO `sys_dict_data` VALUES (14, 1, '通知', '1', 'sys_notice_type', '', 'warning', 'Y', '0', 'admin', '2018-03-16 11:33:00', 'ry', '2018-03-16 11:33:00', '通知');
INSERT INTO `sys_dict_data` VALUES (15, 2, '公告', '2', 'sys_notice_type', '', 'success', 'N', '0', 'admin', '2018-03-16 11:33:00', 'ry', '2018-03-16 11:33:00', '公告');
INSERT INTO `sys_dict_data` VALUES (16, 1, '正常', '0', 'sys_notice_status', '', 'primary', 'Y', '0', 'admin', '2018-03-16 11:33:00', 'ry', '2018-03-16 11:33:00', '正常状态');
INSERT INTO `sys_dict_data` VALUES (17, 2, '关闭', '1', 'sys_notice_status', '', 'danger', 'N', '0', 'admin', '2018-03-16 11:33:00', 'ry', '2018-03-16 11:33:00', '关闭状态');
INSERT INTO `sys_dict_data` VALUES (18, 99, '其他', '0', 'sys_oper_type', '', 'info', 'N', '0', 'admin', '2018-03-16 11:33:00', 'ry', '2018-03-16 11:33:00', '其他操作');
INSERT INTO `sys_dict_data` VALUES (19, 1, '新增', '1', 'sys_oper_type', '', 'info', 'N', '0', 'admin', '2018-03-16 11:33:00', 'ry', '2018-03-16 11:33:00', '新增操作');
INSERT INTO `sys_dict_data` VALUES (20, 2, '修改', '2', 'sys_oper_type', '', 'info', 'N', '0', 'admin', '2018-03-16 11:33:00', 'ry', '2018-03-16 11:33:00', '修改操作');
INSERT INTO `sys_dict_data` VALUES (21, 3, '删除', '3', 'sys_oper_type', '', 'danger', 'N', '0', 'admin', '2018-03-16 11:33:00', 'ry', '2018-03-16 11:33:00', '删除操作');
INSERT INTO `sys_dict_data` VALUES (22, 4, '授权', '4', 'sys_oper_type', '', 'primary', 'N', '0', 'admin', '2018-03-16 11:33:00', 'ry', '2018-03-16 11:33:00', '授权操作');
INSERT INTO `sys_dict_data` VALUES (23, 5, '导出', '5', 'sys_oper_type', '', 'warning', 'N', '0', 'admin', '2018-03-16 11:33:00', 'ry', '2018-03-16 11:33:00', '导出操作');
INSERT INTO `sys_dict_data` VALUES (24, 6, '导入', '6', 'sys_oper_type', '', 'warning', 'N', '0', 'admin', '2018-03-16 11:33:00', 'ry', '2018-03-16 11:33:00', '导入操作');
INSERT INTO `sys_dict_data` VALUES (25, 7, '强退', '7', 'sys_oper_type', '', 'danger', 'N', '0', 'admin', '2018-03-16 11:33:00', 'ry', '2018-03-16 11:33:00', '强退操作');
INSERT INTO `sys_dict_data` VALUES (26, 8, '生成代码', '8', 'sys_oper_type', '', 'warning', 'N', '0', 'admin', '2018-03-16 11:33:00', 'ry', '2018-03-16 11:33:00', '生成操作');
INSERT INTO `sys_dict_data` VALUES (27, 9, '清空数据', '9', 'sys_oper_type', '', 'danger', 'N', '0', 'admin', '2018-03-16 11:33:00', 'ry', '2018-03-16 11:33:00', '清空操作');
INSERT INTO `sys_dict_data` VALUES (28, 1, '成功', '0', 'sys_common_status', '', 'primary', 'N', '0', 'admin', '2018-03-16 11:33:00', 'ry', '2018-03-16 11:33:00', '正常状态');
INSERT INTO `sys_dict_data` VALUES (29, 2, '失败', '1', 'sys_common_status', '', 'danger', 'N', '0', 'admin', '2018-03-16 11:33:00', 'ry', '2018-03-16 11:33:00', '停用状态');

-- ----------------------------
-- Table structure for sys_dict_type
-- ----------------------------
DROP TABLE IF EXISTS `sys_dict_type`;
CREATE TABLE `sys_dict_type`  (
  `dict_id` bigint(20) NOT NULL AUTO_INCREMENT COMMENT '字典主键',
  `dict_name` varchar(100) CHARACTER SET utf8 COLLATE utf8_general_ci NULL DEFAULT '' COMMENT '字典名称',
  `dict_type` varchar(100) CHARACTER SET utf8 COLLATE utf8_general_ci NULL DEFAULT '' COMMENT '字典类型',
  `status` char(1) CHARACTER SET utf8 COLLATE utf8_general_ci NULL DEFAULT '0' COMMENT '状态（0正常 1停用）',
  `create_by` varchar(64) CHARACTER SET utf8 COLLATE utf8_general_ci NULL DEFAULT '' COMMENT '创建者',
  `create_time` datetime(0) NULL DEFAULT NULL COMMENT '创建时间',
  `update_by` varchar(64) CHARACTER SET utf8 COLLATE utf8_general_ci NULL DEFAULT '' COMMENT '更新者',
  `update_time` datetime(0) NULL DEFAULT NULL COMMENT '更新时间',
  `remark` varchar(500) CHARACTER SET utf8 COLLATE utf8_general_ci NULL DEFAULT NULL COMMENT '备注',
  PRIMARY KEY (`dict_id`) USING BTREE,
  UNIQUE INDEX `dict_type`(`dict_type`) USING BTREE
) ENGINE = InnoDB AUTO_INCREMENT = 100 CHARACTER SET = utf8 COLLATE = utf8_general_ci COMMENT = '字典类型表' ROW_FORMAT = Dynamic;

-- ----------------------------
-- Records of sys_dict_type
-- ----------------------------
INSERT INTO `sys_dict_type` VALUES (1, '用户性别', 'sys_user_sex', '0', 'admin', '2018-03-16 11:33:00', 'admin', '2020-06-18 11:41:37', '用户性别列表');
INSERT INTO `sys_dict_type` VALUES (2, '菜单状态', 'sys_show_hide', '0', 'admin', '2018-03-16 11:33:00', 'ry', '2018-03-16 11:33:00', '菜单状态列表');
INSERT INTO `sys_dict_type` VALUES (3, '系统开关', 'sys_normal_disable', '0', 'admin', '2018-03-16 11:33:00', 'ry', '2018-03-16 11:33:00', '系统开关列表');
INSERT INTO `sys_dict_type` VALUES (4, '任务状态', 'sys_job_status', '0', 'admin', '2018-03-16 11:33:00', 'ry', '2018-03-16 11:33:00', '任务状态列表');
INSERT INTO `sys_dict_type` VALUES (5, '任务分组', 'sys_job_group', '0', 'admin', '2018-03-16 11:33:00', 'ry', '2018-03-16 11:33:00', '任务分组列表');
INSERT INTO `sys_dict_type` VALUES (6, '系统是否', 'sys_yes_no', '0', 'admin', '2018-03-16 11:33:00', 'ry', '2018-03-16 11:33:00', '系统是否列表');
INSERT INTO `sys_dict_type` VALUES (7, '通知类型', 'sys_notice_type', '0', 'admin', '2018-03-16 11:33:00', 'ry', '2018-03-16 11:33:00', '通知类型列表');
INSERT INTO `sys_dict_type` VALUES (8, '通知状态', 'sys_notice_status', '0', 'admin', '2018-03-16 11:33:00', 'ry', '2018-03-16 11:33:00', '通知状态列表');
INSERT INTO `sys_dict_type` VALUES (9, '操作类型', 'sys_oper_type', '0', 'admin', '2018-03-16 11:33:00', 'ry', '2018-03-16 11:33:00', '操作类型列表');
INSERT INTO `sys_dict_type` VALUES (10, '系统状态', 'sys_common_status', '0', 'admin', '2018-03-16 11:33:00', 'ry', '2018-03-16 11:33:00', '登录状态列表');

-- ----------------------------
-- Table structure for sys_job
-- ----------------------------
DROP TABLE IF EXISTS `sys_job`;
CREATE TABLE `sys_job`  (
  `job_id` bigint(20) NOT NULL AUTO_INCREMENT COMMENT '任务ID',
  `job_name` varchar(64) CHARACTER SET utf8 COLLATE utf8_general_ci NOT NULL DEFAULT '' COMMENT '任务名称',
  `job_group` varchar(64) CHARACTER SET utf8 COLLATE utf8_general_ci NOT NULL DEFAULT 'DEFAULT' COMMENT '任务组名',
  `invoke_target` varchar(500) CHARACTER SET utf8 COLLATE utf8_general_ci NOT NULL COMMENT '调用目标字符串',
  `cron_expression` varchar(255) CHARACTER SET utf8 COLLATE utf8_general_ci NULL DEFAULT '' COMMENT 'cron执行表达式',
  `misfire_policy` varchar(20) CHARACTER SET utf8 COLLATE utf8_general_ci NULL DEFAULT '3' COMMENT '计划执行错误策略（1立即执行 2执行一次 3放弃执行）',
  `concurrent` char(1) CHARACTER SET utf8 COLLATE utf8_general_ci NULL DEFAULT '1' COMMENT '是否并发执行（0允许 1禁止）',
  `status` char(1) CHARACTER SET utf8 COLLATE utf8_general_ci NULL DEFAULT '0' COMMENT '状态（0正常 1暂停）',
  `create_by` varchar(64) CHARACTER SET utf8 COLLATE utf8_general_ci NULL DEFAULT '' COMMENT '创建者',
  `create_time` datetime(0) NULL DEFAULT NULL COMMENT '创建时间',
  `update_by` varchar(64) CHARACTER SET utf8 COLLATE utf8_general_ci NULL DEFAULT '' COMMENT '更新者',
  `update_time` datetime(0) NULL DEFAULT NULL COMMENT '更新时间',
  `remark` varchar(500) CHARACTER SET utf8 COLLATE utf8_general_ci NULL DEFAULT '' COMMENT '备注信息',
  PRIMARY KEY (`job_id`, `job_name`, `job_group`) USING BTREE
) ENGINE = InnoDB AUTO_INCREMENT = 100 CHARACTER SET = utf8 COLLATE = utf8_general_ci COMMENT = '定时任务调度表' ROW_FORMAT = Dynamic;

-- ----------------------------
-- Records of sys_job
-- ----------------------------
INSERT INTO `sys_job` VALUES (1, '系统默认（无参）', 'DEFAULT', 'ryTask.ryNoParams', '0/10 * * * * ?', '3', '1', '1', 'admin', '2018-03-16 11:33:00', 'admin', '2020-06-18 12:51:38', '');
INSERT INTO `sys_job` VALUES (2, '系统默认（有参）', 'DEFAULT', 'ryTask.ryParams(\'ry\')', '0/15 * * * * ?', '3', '1', '1', 'admin', '2018-03-16 11:33:00', 'ry', '2018-03-16 11:33:00', '');
INSERT INTO `sys_job` VALUES (3, '系统默认（多参）', 'DEFAULT', 'ryTask.ryMultipleParams(\'ry\', true, 2000L, 316.50D, 100)', '0/20 * * * * ?', '3', '1', '1', 'admin', '2018-03-16 11:33:00', 'ry', '2018-03-16 11:33:00', '');

-- ----------------------------
-- Table structure for sys_job_log
-- ----------------------------
DROP TABLE IF EXISTS `sys_job_log`;
CREATE TABLE `sys_job_log`  (
  `job_log_id` bigint(20) NOT NULL AUTO_INCREMENT COMMENT '任务日志ID',
  `job_name` varchar(64) CHARACTER SET utf8 COLLATE utf8_general_ci NOT NULL COMMENT '任务名称',
  `job_group` varchar(64) CHARACTER SET utf8 COLLATE utf8_general_ci NOT NULL COMMENT '任务组名',
  `invoke_target` varchar(500) CHARACTER SET utf8 COLLATE utf8_general_ci NOT NULL COMMENT '调用目标字符串',
  `job_message` varchar(500) CHARACTER SET utf8 COLLATE utf8_general_ci NULL DEFAULT NULL COMMENT '日志信息',
  `status` char(1) CHARACTER SET utf8 COLLATE utf8_general_ci NULL DEFAULT '0' COMMENT '执行状态（0正常 1失败）',
  `exception_info` varchar(2000) CHARACTER SET utf8 COLLATE utf8_general_ci NULL DEFAULT '' COMMENT '异常信息',
  `create_time` datetime(0) NULL DEFAULT NULL COMMENT '创建时间',
  PRIMARY KEY (`job_log_id`) USING BTREE
) ENGINE = InnoDB AUTO_INCREMENT = 2 CHARACTER SET = utf8 COLLATE = utf8_general_ci COMMENT = '定时任务调度日志表' ROW_FORMAT = Dynamic;

-- ----------------------------
-- Records of sys_job_log
-- ----------------------------
INSERT INTO `sys_job_log` VALUES (1, '系统默认（无参）', 'DEFAULT', 'ryTask.ryNoParams', '系统默认（无参） 总共耗时：1毫秒', '0', '', '2020-06-18 12:44:34');

-- ----------------------------
-- Table structure for sys_logininfor
-- ----------------------------
DROP TABLE IF EXISTS `sys_logininfor`;
CREATE TABLE `sys_logininfor`  (
  `info_id` bigint(20) NOT NULL AUTO_INCREMENT COMMENT '访问ID',
  `login_name` varchar(50) CHARACTER SET utf8 COLLATE utf8_general_ci NULL DEFAULT '' COMMENT '登录账号',
  `ipaddr` varchar(50) CHARACTER SET utf8 COLLATE utf8_general_ci NULL DEFAULT '' COMMENT '登录IP地址',
  `login_location` varchar(255) CHARACTER SET utf8 COLLATE utf8_general_ci NULL DEFAULT '' COMMENT '登录地点',
  `browser` varchar(50) CHARACTER SET utf8 COLLATE utf8_general_ci NULL DEFAULT '' COMMENT '浏览器类型',
  `os` varchar(50) CHARACTER SET utf8 COLLATE utf8_general_ci NULL DEFAULT '' COMMENT '操作系统',
  `status` char(1) CHARACTER SET utf8 COLLATE utf8_general_ci NULL DEFAULT '0' COMMENT '登录状态（0成功 1失败）',
  `msg` varchar(255) CHARACTER SET utf8 COLLATE utf8_general_ci NULL DEFAULT '' COMMENT '提示消息',
  `login_time` datetime(0) NULL DEFAULT NULL COMMENT '访问时间',
  PRIMARY KEY (`info_id`) USING BTREE
) ENGINE = InnoDB AUTO_INCREMENT = 15 CHARACTER SET = utf8 COLLATE = utf8_general_ci COMMENT = '系统访问记录' ROW_FORMAT = Dynamic;

-- ----------------------------
-- Records of sys_logininfor
-- ----------------------------
INSERT INTO `sys_logininfor` VALUES (1, 'admin', '127.0.0.1', '内网IP', 'Chrome', 'Windows 10', '0', '退出成功', NULL);
INSERT INTO `sys_logininfor` VALUES (2, 'admin', '127.0.0.1', '内网IP', 'Chrome', 'Windows 10', '0', '登录成功', NULL);
INSERT INTO `sys_logininfor` VALUES (3, 'admin', '127.0.0.1', '内网IP', 'Chrome', 'Windows 10', '0', '退出成功', NULL);
INSERT INTO `sys_logininfor` VALUES (4, 'admin', '127.0.0.1', '内网IP', 'Chrome', 'Windows 10', '0', '登录成功', NULL);
INSERT INTO `sys_logininfor` VALUES (5, 'admin', '127.0.0.1', '内网IP', 'Chrome', 'Windows 10', '0', '登录成功', NULL);
INSERT INTO `sys_logininfor` VALUES (6, 'admin', '127.0.0.1', '内网IP', 'Chrome', 'Windows 10', '0', '登录成功', NULL);
INSERT INTO `sys_logininfor` VALUES (7, 'admin', '127.0.0.1', '内网IP', 'Chrome', 'Windows 10', '0', '登录成功', NULL);
INSERT INTO `sys_logininfor` VALUES (8, 'admin', '127.0.0.1', '内网IP', 'Chrome', 'Windows 10', '0', '退出成功', NULL);
INSERT INTO `sys_logininfor` VALUES (9, 'admin', '127.0.0.1', '内网IP', 'Chrome', 'Windows 10', '0', '登录成功', NULL);
INSERT INTO `sys_logininfor` VALUES (10, 'admin', '127.0.0.1', '内网IP', 'Chrome', 'Windows 10', '0', '登录成功', NULL);
INSERT INTO `sys_logininfor` VALUES (11, 'admin', '127.0.0.1', '内网IP', 'Chrome', 'Windows 10', '0', '登录成功', NULL);
INSERT INTO `sys_logininfor` VALUES (12, 'admin', '127.0.0.1', '内网IP', 'Chrome', 'Windows 10', '0', '退出成功', NULL);
INSERT INTO `sys_logininfor` VALUES (13, 'admin', '127.0.0.1', '内网IP', 'Chrome', 'Windows 10', '0', '登录成功', NULL);
INSERT INTO `sys_logininfor` VALUES (14, 'admin', '127.0.0.1', '内网IP', 'Chrome', 'Windows 10', '0', '登录成功', NULL);

-- ----------------------------
-- Table structure for sys_menu
-- ----------------------------
DROP TABLE IF EXISTS `sys_menu`;
CREATE TABLE `sys_menu`  (
  `menu_id` bigint(20) NOT NULL AUTO_INCREMENT COMMENT '菜单ID',
  `menu_name` varchar(50) CHARACTER SET utf8 COLLATE utf8_general_ci NOT NULL COMMENT '菜单名称',
  `parent_id` bigint(20) NULL DEFAULT 0 COMMENT '父菜单ID',
  `order_num` int(4) NULL DEFAULT 0 COMMENT '显示顺序',
  `url` varchar(200) CHARACTER SET utf8 COLLATE utf8_general_ci NULL DEFAULT '#' COMMENT '请求地址',
  `target` varchar(20) CHARACTER SET utf8 COLLATE utf8_general_ci NULL DEFAULT '' COMMENT '打开方式（menuItem页签 menuBlank新窗口）',
  `menu_type` char(1) CHARACTER SET utf8 COLLATE utf8_general_ci NULL DEFAULT '' COMMENT '菜单类型（M目录 C菜单 F按钮）',
  `visible` char(1) CHARACTER SET utf8 COLLATE utf8_general_ci NULL DEFAULT '0' COMMENT '菜单状态（0显示 1隐藏）',
  `perms` varchar(100) CHARACTER SET utf8 COLLATE utf8_general_ci NULL DEFAULT NULL COMMENT '权限标识',
  `icon` varchar(100) CHARACTER SET utf8 COLLATE utf8_general_ci NULL DEFAULT '#' COMMENT '菜单图标',
  `create_by` varchar(64) CHARACTER SET utf8 COLLATE utf8_general_ci NULL DEFAULT '' COMMENT '创建者',
  `create_time` datetime(0) NULL DEFAULT NULL COMMENT '创建时间',
  `update_by` varchar(64) CHARACTER SET utf8 COLLATE utf8_general_ci NULL DEFAULT '' COMMENT '更新者',
  `update_time` datetime(0) NULL DEFAULT NULL COMMENT '更新时间',
  `remark` varchar(500) CHARACTER SET utf8 COLLATE utf8_general_ci NULL DEFAULT '' COMMENT '备注',
  PRIMARY KEY (`menu_id`) USING BTREE
) ENGINE = InnoDB AUTO_INCREMENT = 2014 CHARACTER SET = utf8 COLLATE = utf8_general_ci COMMENT = '菜单权限表' ROW_FORMAT = Dynamic;

-- ----------------------------
-- Records of sys_menu
-- ----------------------------
INSERT INTO `sys_menu` VALUES (1, '系统管理', 0, 1, '#', '', 'M', '0', '', 'fa fa-gear', 'admin', '2018-03-16 11:33:00', 'ry', '2018-03-16 11:33:00', '系统管理目录');
INSERT INTO `sys_menu` VALUES (2, '系统监控', 0, 2, '#', '', 'M', '0', '', 'fa fa-video-camera', 'admin', '2018-03-16 11:33:00', 'ry', '2018-03-16 11:33:00', '系统监控目录');
INSERT INTO `sys_menu` VALUES (3, '系统工具', 0, 3, '#', '', 'M', '0', '', 'fa fa-bars', 'admin', '2018-03-16 11:33:00', 'ry', '2018-03-16 11:33:00', '系统工具目录');
INSERT INTO `sys_menu` VALUES (4, '若依官网', 0, 4, 'http://ruoyi.vip', 'menuBlank', 'C', '0', '', 'fa fa-location-arrow', 'admin', '2018-03-16 11:33:00', 'ry', '2018-03-16 11:33:00', '若依官网地址');
INSERT INTO `sys_menu` VALUES (100, '用户管理', 1, 1, '/system/user', '', 'C', '0', 'system:user:view', '#', 'admin', '2018-03-16 11:33:00', 'ry', '2018-03-16 11:33:00', '用户管理菜单');
INSERT INTO `sys_menu` VALUES (101, '角色管理', 1, 2, '/system/role', '', 'C', '0', 'system:role:view', '#', 'admin', '2018-03-16 11:33:00', 'ry', '2018-03-16 11:33:00', '角色管理菜单');
INSERT INTO `sys_menu` VALUES (102, '菜单管理', 1, 3, '/system/menu', '', 'C', '0', 'system:menu:view', '#', 'admin', '2018-03-16 11:33:00', 'ry', '2018-03-16 11:33:00', '菜单管理菜单');
INSERT INTO `sys_menu` VALUES (103, '部门管理', 1, 4, '/system/dept', '', 'C', '0', 'system:dept:view', '#', 'admin', '2018-03-16 11:33:00', 'ry', '2018-03-16 11:33:00', '部门管理菜单');
INSERT INTO `sys_menu` VALUES (104, '岗位管理', 1, 5, '/system/post', '', 'C', '0', 'system:post:view', '#', 'admin', '2018-03-16 11:33:00', 'ry', '2018-03-16 11:33:00', '岗位管理菜单');
INSERT INTO `sys_menu` VALUES (105, '字典管理', 1, 6, '/system/dict', '', 'C', '0', 'system:dict:view', '#', 'admin', '2018-03-16 11:33:00', 'ry', '2018-03-16 11:33:00', '字典管理菜单');
INSERT INTO `sys_menu` VALUES (106, '参数设置', 1, 7, '/system/config', '', 'C', '0', 'system:config:view', '#', 'admin', '2018-03-16 11:33:00', 'ry', '2018-03-16 11:33:00', '参数设置菜单');
INSERT INTO `sys_menu` VALUES (107, '通知公告', 1, 8, '/system/notice', '', 'C', '0', 'system:notice:view', '#', 'admin', '2018-03-16 11:33:00', 'ry', '2018-03-16 11:33:00', '通知公告菜单');
INSERT INTO `sys_menu` VALUES (108, '日志管理', 1, 9, '#', '', 'M', '0', '', '#', 'admin', '2018-03-16 11:33:00', 'ry', '2018-03-16 11:33:00', '日志管理菜单');
INSERT INTO `sys_menu` VALUES (109, '在线用户', 2, 1, '/monitor/online', '', 'C', '0', 'monitor:online:view', '#', 'admin', '2018-03-16 11:33:00', 'ry', '2018-03-16 11:33:00', '在线用户菜单');
INSERT INTO `sys_menu` VALUES (110, '定时任务', 2, 2, '/monitor/job', '', 'C', '0', 'monitor:job:view', '#', 'admin', '2018-03-16 11:33:00', 'ry', '2018-03-16 11:33:00', '定时任务菜单');
INSERT INTO `sys_menu` VALUES (111, '数据监控', 2, 3, '/monitor/data', '', 'C', '0', 'monitor:data:view', '#', 'admin', '2018-03-16 11:33:00', 'ry', '2018-03-16 11:33:00', '数据监控菜单');
INSERT INTO `sys_menu` VALUES (112, '服务监控', 2, 3, '/monitor/server', '', 'C', '0', 'monitor:server:view', '#', 'admin', '2018-03-16 11:33:00', 'ry', '2018-03-16 11:33:00', '服务监控菜单');
INSERT INTO `sys_menu` VALUES (113, '表单构建', 3, 1, '/tool/build', '', 'C', '0', 'tool:build:view', '#', 'admin', '2018-03-16 11:33:00', 'ry', '2018-03-16 11:33:00', '表单构建菜单');
INSERT INTO `sys_menu` VALUES (114, '代码生成', 3, 2, '/tool/gen', '', 'C', '0', 'tool:gen:view', '#', 'admin', '2018-03-16 11:33:00', 'ry', '2018-03-16 11:33:00', '代码生成菜单');
INSERT INTO `sys_menu` VALUES (115, '系统接口', 3, 3, '/tool/swagger', '', 'C', '0', 'tool:swagger:view', '#', 'admin', '2018-03-16 11:33:00', 'ry', '2018-03-16 11:33:00', '系统接口菜单');
INSERT INTO `sys_menu` VALUES (500, '操作日志', 108, 1, '/monitor/operlog', '', 'C', '0', 'monitor:operlog:view', '#', 'admin', '2018-03-16 11:33:00', 'ry', '2018-03-16 11:33:00', '操作日志菜单');
INSERT INTO `sys_menu` VALUES (501, '登录日志', 108, 2, '/monitor/logininfor', '', 'C', '0', 'monitor:logininfor:view', '#', 'admin', '2018-03-16 11:33:00', 'ry', '2018-03-16 11:33:00', '登录日志菜单');
INSERT INTO `sys_menu` VALUES (1000, '用户查询', 100, 1, '#', '', 'F', '0', 'system:user:list', '#', 'admin', '2018-03-16 11:33:00', 'ry', '2018-03-16 11:33:00', '');
INSERT INTO `sys_menu` VALUES (1001, '用户新增', 100, 2, '#', '', 'F', '0', 'system:user:add', '#', 'admin', '2018-03-16 11:33:00', 'ry', '2018-03-16 11:33:00', '');
INSERT INTO `sys_menu` VALUES (1002, '用户修改', 100, 3, '#', '', 'F', '0', 'system:user:edit', '#', 'admin', '2018-03-16 11:33:00', 'ry', '2018-03-16 11:33:00', '');
INSERT INTO `sys_menu` VALUES (1003, '用户删除', 100, 4, '#', '', 'F', '0', 'system:user:remove', '#', 'admin', '2018-03-16 11:33:00', 'ry', '2018-03-16 11:33:00', '');
INSERT INTO `sys_menu` VALUES (1004, '用户导出', 100, 5, '#', '', 'F', '0', 'system:user:export', '#', 'admin', '2018-03-16 11:33:00', 'ry', '2018-03-16 11:33:00', '');
INSERT INTO `sys_menu` VALUES (1005, '用户导入', 100, 6, '#', '', 'F', '0', 'system:user:import', '#', 'admin', '2018-03-16 11:33:00', 'ry', '2018-03-16 11:33:00', '');
INSERT INTO `sys_menu` VALUES (1006, '重置密码', 100, 7, '#', '', 'F', '0', 'system:user:resetPwd', '#', 'admin', '2018-03-16 11:33:00', 'ry', '2018-03-16 11:33:00', '');
INSERT INTO `sys_menu` VALUES (1007, '角色查询', 101, 1, '#', '', 'F', '0', 'system:role:list', '#', 'admin', '2018-03-16 11:33:00', 'ry', '2018-03-16 11:33:00', '');
INSERT INTO `sys_menu` VALUES (1008, '角色新增', 101, 2, '#', '', 'F', '0', 'system:role:add', '#', 'admin', '2018-03-16 11:33:00', 'ry', '2018-03-16 11:33:00', '');
INSERT INTO `sys_menu` VALUES (1009, '角色修改', 101, 3, '#', '', 'F', '0', 'system:role:edit', '#', 'admin', '2018-03-16 11:33:00', 'ry', '2018-03-16 11:33:00', '');
INSERT INTO `sys_menu` VALUES (1010, '角色删除', 101, 4, '#', '', 'F', '0', 'system:role:remove', '#', 'admin', '2018-03-16 11:33:00', 'ry', '2018-03-16 11:33:00', '');
INSERT INTO `sys_menu` VALUES (1011, '角色导出', 101, 5, '#', '', 'F', '0', 'system:role:export', '#', 'admin', '2018-03-16 11:33:00', 'ry', '2018-03-16 11:33:00', '');
INSERT INTO `sys_menu` VALUES (1012, '菜单查询', 102, 1, '#', '', 'F', '0', 'system:menu:list', '#', 'admin', '2018-03-16 11:33:00', 'ry', '2018-03-16 11:33:00', '');
INSERT INTO `sys_menu` VALUES (1013, '菜单新增', 102, 2, '#', '', 'F', '0', 'system:menu:add', '#', 'admin', '2018-03-16 11:33:00', 'ry', '2018-03-16 11:33:00', '');
INSERT INTO `sys_menu` VALUES (1014, '菜单修改', 102, 3, '#', '', 'F', '0', 'system:menu:edit', '#', 'admin', '2018-03-16 11:33:00', 'ry', '2018-03-16 11:33:00', '');
INSERT INTO `sys_menu` VALUES (1015, '菜单删除', 102, 4, '#', '', 'F', '0', 'system:menu:remove', '#', 'admin', '2018-03-16 11:33:00', 'ry', '2018-03-16 11:33:00', '');
INSERT INTO `sys_menu` VALUES (1016, '部门查询', 103, 1, '#', '', 'F', '0', 'system:dept:list', '#', 'admin', '2018-03-16 11:33:00', 'ry', '2018-03-16 11:33:00', '');
INSERT INTO `sys_menu` VALUES (1017, '部门新增', 103, 2, '#', '', 'F', '0', 'system:dept:add', '#', 'admin', '2018-03-16 11:33:00', 'ry', '2018-03-16 11:33:00', '');
INSERT INTO `sys_menu` VALUES (1018, '部门修改', 103, 3, '#', '', 'F', '0', 'system:dept:edit', '#', 'admin', '2018-03-16 11:33:00', 'ry', '2018-03-16 11:33:00', '');
INSERT INTO `sys_menu` VALUES (1019, '部门删除', 103, 4, '#', '', 'F', '0', 'system:dept:remove', '#', 'admin', '2018-03-16 11:33:00', 'ry', '2018-03-16 11:33:00', '');
INSERT INTO `sys_menu` VALUES (1020, '岗位查询', 104, 1, '#', '', 'F', '0', 'system:post:list', '#', 'admin', '2018-03-16 11:33:00', 'ry', '2018-03-16 11:33:00', '');
INSERT INTO `sys_menu` VALUES (1021, '岗位新增', 104, 2, '#', '', 'F', '0', 'system:post:add', '#', 'admin', '2018-03-16 11:33:00', 'ry', '2018-03-16 11:33:00', '');
INSERT INTO `sys_menu` VALUES (1022, '岗位修改', 104, 3, '#', '', 'F', '0', 'system:post:edit', '#', 'admin', '2018-03-16 11:33:00', 'ry', '2018-03-16 11:33:00', '');
INSERT INTO `sys_menu` VALUES (1023, '岗位删除', 104, 4, '#', '', 'F', '0', 'system:post:remove', '#', 'admin', '2018-03-16 11:33:00', 'ry', '2018-03-16 11:33:00', '');
INSERT INTO `sys_menu` VALUES (1024, '岗位导出', 104, 5, '#', '', 'F', '0', 'system:post:export', '#', 'admin', '2018-03-16 11:33:00', 'ry', '2018-03-16 11:33:00', '');
INSERT INTO `sys_menu` VALUES (1025, '字典查询', 105, 1, '#', '', 'F', '0', 'system:dict:list', '#', 'admin', '2018-03-16 11:33:00', 'ry', '2018-03-16 11:33:00', '');
INSERT INTO `sys_menu` VALUES (1026, '字典新增', 105, 2, '#', '', 'F', '0', 'system:dict:add', '#', 'admin', '2018-03-16 11:33:00', 'ry', '2018-03-16 11:33:00', '');
INSERT INTO `sys_menu` VALUES (1027, '字典修改', 105, 3, '#', '', 'F', '0', 'system:dict:edit', '#', 'admin', '2018-03-16 11:33:00', 'ry', '2018-03-16 11:33:00', '');
INSERT INTO `sys_menu` VALUES (1028, '字典删除', 105, 4, '#', '', 'F', '0', 'system:dict:remove', '#', 'admin', '2018-03-16 11:33:00', 'ry', '2018-03-16 11:33:00', '');
INSERT INTO `sys_menu` VALUES (1029, '字典导出', 105, 5, '#', '', 'F', '0', 'system:dict:export', '#', 'admin', '2018-03-16 11:33:00', 'ry', '2018-03-16 11:33:00', '');
INSERT INTO `sys_menu` VALUES (1030, '参数查询', 106, 1, '#', '', 'F', '0', 'system:config:list', '#', 'admin', '2018-03-16 11:33:00', 'ry', '2018-03-16 11:33:00', '');
INSERT INTO `sys_menu` VALUES (1031, '参数新增', 106, 2, '#', '', 'F', '0', 'system:config:add', '#', 'admin', '2018-03-16 11:33:00', 'ry', '2018-03-16 11:33:00', '');
INSERT INTO `sys_menu` VALUES (1032, '参数修改', 106, 3, '#', '', 'F', '0', 'system:config:edit', '#', 'admin', '2018-03-16 11:33:00', 'ry', '2018-03-16 11:33:00', '');
INSERT INTO `sys_menu` VALUES (1033, '参数删除', 106, 4, '#', '', 'F', '0', 'system:config:remove', '#', 'admin', '2018-03-16 11:33:00', 'ry', '2018-03-16 11:33:00', '');
INSERT INTO `sys_menu` VALUES (1034, '参数导出', 106, 5, '#', '', 'F', '0', 'system:config:export', '#', 'admin', '2018-03-16 11:33:00', 'ry', '2018-03-16 11:33:00', '');
INSERT INTO `sys_menu` VALUES (1035, '公告查询', 107, 1, '#', '', 'F', '0', 'system:notice:list', '#', 'admin', '2018-03-16 11:33:00', 'ry', '2018-03-16 11:33:00', '');
INSERT INTO `sys_menu` VALUES (1036, '公告新增', 107, 2, '#', '', 'F', '0', 'system:notice:add', '#', 'admin', '2018-03-16 11:33:00', 'ry', '2018-03-16 11:33:00', '');
INSERT INTO `sys_menu` VALUES (1037, '公告修改', 107, 3, '#', '', 'F', '0', 'system:notice:edit', '#', 'admin', '2018-03-16 11:33:00', 'ry', '2018-03-16 11:33:00', '');
INSERT INTO `sys_menu` VALUES (1038, '公告删除', 107, 4, '#', '', 'F', '0', 'system:notice:remove', '#', 'admin', '2018-03-16 11:33:00', 'ry', '2018-03-16 11:33:00', '');
INSERT INTO `sys_menu` VALUES (1039, '操作查询', 500, 1, '#', '', 'F', '0', 'monitor:operlog:list', '#', 'admin', '2018-03-16 11:33:00', 'ry', '2018-03-16 11:33:00', '');
INSERT INTO `sys_menu` VALUES (1040, '操作删除', 500, 2, '#', '', 'F', '0', 'monitor:operlog:remove', '#', 'admin', '2018-03-16 11:33:00', 'ry', '2018-03-16 11:33:00', '');
INSERT INTO `sys_menu` VALUES (1041, '详细信息', 500, 3, '#', '', 'F', '0', 'monitor:operlog:detail', '#', 'admin', '2018-03-16 11:33:00', 'ry', '2018-03-16 11:33:00', '');
INSERT INTO `sys_menu` VALUES (1042, '日志导出', 500, 4, '#', '', 'F', '0', 'monitor:operlog:export', '#', 'admin', '2018-03-16 11:33:00', 'ry', '2018-03-16 11:33:00', '');
INSERT INTO `sys_menu` VALUES (1043, '登录查询', 501, 1, '#', '', 'F', '0', 'monitor:logininfor:list', '#', 'admin', '2018-03-16 11:33:00', 'ry', '2018-03-16 11:33:00', '');
INSERT INTO `sys_menu` VALUES (1044, '登录删除', 501, 2, '#', '', 'F', '0', 'monitor:logininfor:remove', '#', 'admin', '2018-03-16 11:33:00', 'ry', '2018-03-16 11:33:00', '');
INSERT INTO `sys_menu` VALUES (1045, '日志导出', 501, 3, '#', '', 'F', '0', 'monitor:logininfor:export', '#', 'admin', '2018-03-16 11:33:00', 'ry', '2018-03-16 11:33:00', '');
INSERT INTO `sys_menu` VALUES (1046, '账户解锁', 501, 4, '#', '', 'F', '0', 'monitor:logininfor:unlock', '#', 'admin', '2018-03-16 11:33:00', 'ry', '2018-03-16 11:33:00', '');
INSERT INTO `sys_menu` VALUES (1047, '在线查询', 109, 1, '#', '', 'F', '0', 'monitor:online:list', '#', 'admin', '2018-03-16 11:33:00', 'ry', '2018-03-16 11:33:00', '');
INSERT INTO `sys_menu` VALUES (1048, '批量强退', 109, 2, '#', '', 'F', '0', 'monitor:online:batchForceLogout', '#', 'admin', '2018-03-16 11:33:00', 'ry', '2018-03-16 11:33:00', '');
INSERT INTO `sys_menu` VALUES (1049, '单条强退', 109, 3, '#', '', 'F', '0', 'monitor:online:forceLogout', '#', 'admin', '2018-03-16 11:33:00', 'ry', '2018-03-16 11:33:00', '');
INSERT INTO `sys_menu` VALUES (1050, '任务查询', 110, 1, '#', '', 'F', '0', 'monitor:job:list', '#', 'admin', '2018-03-16 11:33:00', 'ry', '2018-03-16 11:33:00', '');
INSERT INTO `sys_menu` VALUES (1051, '任务新增', 110, 2, '#', '', 'F', '0', 'monitor:job:add', '#', 'admin', '2018-03-16 11:33:00', 'ry', '2018-03-16 11:33:00', '');
INSERT INTO `sys_menu` VALUES (1052, '任务修改', 110, 3, '#', '', 'F', '0', 'monitor:job:edit', '#', 'admin', '2018-03-16 11:33:00', 'ry', '2018-03-16 11:33:00', '');
INSERT INTO `sys_menu` VALUES (1053, '任务删除', 110, 4, '#', '', 'F', '0', 'monitor:job:remove', '#', 'admin', '2018-03-16 11:33:00', 'ry', '2018-03-16 11:33:00', '');
INSERT INTO `sys_menu` VALUES (1054, '状态修改', 110, 5, '#', '', 'F', '0', 'monitor:job:changeStatus', '#', 'admin', '2018-03-16 11:33:00', 'ry', '2018-03-16 11:33:00', '');
INSERT INTO `sys_menu` VALUES (1055, '任务详细', 110, 6, '#', '', 'F', '0', 'monitor:job:detail', '#', 'admin', '2018-03-16 11:33:00', 'ry', '2018-03-16 11:33:00', '');
INSERT INTO `sys_menu` VALUES (1056, '任务导出', 110, 7, '#', '', 'F', '0', 'monitor:job:export', '#', 'admin', '2018-03-16 11:33:00', 'ry', '2018-03-16 11:33:00', '');
INSERT INTO `sys_menu` VALUES (1057, '生成查询', 114, 1, '#', '', 'F', '0', 'tool:gen:list', '#', 'admin', '2018-03-16 11:33:00', 'ry', '2018-03-16 11:33:00', '');
INSERT INTO `sys_menu` VALUES (1058, '生成修改', 114, 2, '#', '', 'F', '0', 'tool:gen:edit', '#', 'admin', '2018-03-16 11:33:00', 'ry', '2018-03-16 11:33:00', '');
INSERT INTO `sys_menu` VALUES (1059, '生成删除', 114, 3, '#', '', 'F', '0', 'tool:gen:remove', '#', 'admin', '2018-03-16 11:33:00', 'ry', '2018-03-16 11:33:00', '');
INSERT INTO `sys_menu` VALUES (1060, '预览代码', 114, 4, '#', '', 'F', '0', 'tool:gen:preview', '#', 'admin', '2018-03-16 11:33:00', 'ry', '2018-03-16 11:33:00', '');
INSERT INTO `sys_menu` VALUES (1061, '生成代码', 114, 5, '#', '', 'F', '0', 'tool:gen:code', '#', 'admin', '2018-03-16 11:33:00', 'ry', '2018-03-16 11:33:00', '');
INSERT INTO `sys_menu` VALUES (2001, '工作流程', 0, 5, '', 'menuItem', 'M', '0', '', 'fa fa-wrench', 'admin', '2020-06-18 19:43:16', '', NULL, '');
INSERT INTO `sys_menu` VALUES (2002, '模型管理', 2001, 1, '/activiti/model', 'menuBlank', 'C', '0', 'activiti:model:view', '', 'admin', '2020-06-18 19:44:18', '', NULL, '');
INSERT INTO `sys_menu` VALUES (2003, '流程管理', 2001, 2, '/activiti/process', 'menuItem', 'C', '0', 'activiti:process:view', '', 'admin', '2020-06-18 19:45:02', '', NULL, '');
INSERT INTO `sys_menu` VALUES (2004, '模型查询', 2002, 1, '', 'menuItem', 'F', '0', 'activiti:model:list', '', 'admin', '2020-06-18 19:45:36', '', NULL, '');
INSERT INTO `sys_menu` VALUES (2005, '模型新增', 2002, 2, '', 'menuItem', 'F', '0', 'activiti:model:add', '', 'admin', '2020-06-18 19:45:51', '', NULL, '');
INSERT INTO `sys_menu` VALUES (2006, '模型修改', 2002, 3, '', 'menuItem', 'F', '0', 'activiti:model:edit', '', 'admin', '2020-06-18 19:46:14', '', NULL, '');
INSERT INTO `sys_menu` VALUES (2007, '模型删除', 2002, 4, '', 'menuItem', 'F', '0', 'activiti:model:remove', '', 'admin', '2020-06-18 19:46:41', '', NULL, '');
INSERT INTO `sys_menu` VALUES (2008, '模型部署', 2002, 5, '', 'menuItem', 'F', '0', 'activiti:model:deploy', '', 'admin', '2020-06-18 19:47:17', '', NULL, '');
INSERT INTO `sys_menu` VALUES (2010, '流程查询', 2003, 1, '', 'menuItem', 'F', '0', 'activiti:process:list', '', 'admin', '2020-06-18 19:48:04', '', NULL, '');
INSERT INTO `sys_menu` VALUES (2011, '设置节点处理人', 2003, 2, '', 'menuItem', 'F', '0', 'activiti:assignee:add', '', 'admin', '2020-06-18 19:48:32', 'admin', '2020-06-18 19:50:40', '');
INSERT INTO `sys_menu` VALUES (2012, '流程删除', 2003, 3, '', 'menuItem', 'F', '0', 'activiti:process:remove', '', 'admin', '2020-06-18 19:48:53', '', NULL, '');

-- ----------------------------
-- Table structure for sys_notice
-- ----------------------------
DROP TABLE IF EXISTS `sys_notice`;
CREATE TABLE `sys_notice`  (
  `notice_id` int(4) NOT NULL AUTO_INCREMENT COMMENT '公告ID',
  `notice_title` varchar(50) CHARACTER SET utf8 COLLATE utf8_general_ci NOT NULL COMMENT '公告标题',
  `notice_type` char(1) CHARACTER SET utf8 COLLATE utf8_general_ci NOT NULL COMMENT '公告类型（1通知 2公告）',
  `notice_content` varchar(2000) CHARACTER SET utf8 COLLATE utf8_general_ci NULL DEFAULT NULL COMMENT '公告内容',
  `status` char(1) CHARACTER SET utf8 COLLATE utf8_general_ci NULL DEFAULT '0' COMMENT '公告状态（0正常 1关闭）',
  `create_by` varchar(64) CHARACTER SET utf8 COLLATE utf8_general_ci NULL DEFAULT '' COMMENT '创建者',
  `create_time` datetime(0) NULL DEFAULT NULL COMMENT '创建时间',
  `update_by` varchar(64) CHARACTER SET utf8 COLLATE utf8_general_ci NULL DEFAULT '' COMMENT '更新者',
  `update_time` datetime(0) NULL DEFAULT NULL COMMENT '更新时间',
  `remark` varchar(255) CHARACTER SET utf8 COLLATE utf8_general_ci NULL DEFAULT NULL COMMENT '备注',
  PRIMARY KEY (`notice_id`) USING BTREE
) ENGINE = InnoDB AUTO_INCREMENT = 11 CHARACTER SET = utf8 COLLATE = utf8_general_ci COMMENT = '通知公告表' ROW_FORMAT = Dynamic;

-- ----------------------------
-- Records of sys_notice
-- ----------------------------
INSERT INTO `sys_notice` VALUES (1, '温馨提醒：2018-07-01 若依新版本发布啦', '2', '新版本内容sdsfsdfds', '0', 'admin', '2018-03-16 11:33:00', 'admin', '2020-06-18 11:41:50', '管理员');
INSERT INTO `sys_notice` VALUES (2, '维护通知：2018-07-01 若依系统凌晨维护', '1', '维护内容', '0', 'admin', '2018-03-16 11:33:00', 'ry', '2018-03-16 11:33:00', '管理员');

-- ----------------------------
-- Table structure for sys_oper_log
-- ----------------------------
DROP TABLE IF EXISTS `sys_oper_log`;
CREATE TABLE `sys_oper_log`  (
  `oper_id` bigint(20) NOT NULL AUTO_INCREMENT COMMENT '日志主键',
  `title` varchar(50) CHARACTER SET utf8 COLLATE utf8_general_ci NULL DEFAULT '' COMMENT '模块标题',
  `business_type` int(2) NULL DEFAULT 0 COMMENT '业务类型（0其它 1新增 2修改 3删除）',
  `method` varchar(100) CHARACTER SET utf8 COLLATE utf8_general_ci NULL DEFAULT '' COMMENT '方法名称',
  `request_method` varchar(10) CHARACTER SET utf8 COLLATE utf8_general_ci NULL DEFAULT '' COMMENT '请求方式',
  `operator_type` int(1) NULL DEFAULT 0 COMMENT '操作类别（0其它 1后台用户 2手机端用户）',
  `oper_name` varchar(50) CHARACTER SET utf8 COLLATE utf8_general_ci NULL DEFAULT '' COMMENT '操作人员',
  `dept_name` varchar(50) CHARACTER SET utf8 COLLATE utf8_general_ci NULL DEFAULT '' COMMENT '部门名称',
  `oper_url` varchar(255) CHARACTER SET utf8 COLLATE utf8_general_ci NULL DEFAULT '' COMMENT '请求URL',
  `oper_ip` varchar(50) CHARACTER SET utf8 COLLATE utf8_general_ci NULL DEFAULT '' COMMENT '主机地址',
  `oper_location` varchar(255) CHARACTER SET utf8 COLLATE utf8_general_ci NULL DEFAULT '' COMMENT '操作地点',
  `oper_param` varchar(2000) CHARACTER SET utf8 COLLATE utf8_general_ci NULL DEFAULT '' COMMENT '请求参数',
  `json_result` varchar(2000) CHARACTER SET utf8 COLLATE utf8_general_ci NULL DEFAULT '' COMMENT '返回参数',
  `status` int(1) NULL DEFAULT 0 COMMENT '操作状态（0正常 1异常）',
  `error_msg` varchar(2000) CHARACTER SET utf8 COLLATE utf8_general_ci NULL DEFAULT '' COMMENT '错误消息',
  `oper_time` datetime(0) NULL DEFAULT NULL COMMENT '操作时间',
  PRIMARY KEY (`oper_id`) USING BTREE
) ENGINE = InnoDB AUTO_INCREMENT = 33 CHARACTER SET = utf8 COLLATE = utf8_general_ci COMMENT = '操作日志记录' ROW_FORMAT = Dynamic;

-- ----------------------------
-- Records of sys_oper_log
-- ----------------------------
INSERT INTO `sys_oper_log` VALUES (1, '操作日志', 9, 'com.ruoyi.web.controller.monitor.SysOperlogController.clean()', 'POST', 1, 'admin', '研发部门', '/monitor/operlog/clean', '127.0.0.1', '内网IP', '{ }', '{\r\n  \"msg\" : \"操作成功\",\r\n  \"code\" : 0\r\n}', 0, '', NULL);
INSERT INTO `sys_oper_log` VALUES (2, '登陆日志', 3, 'com.ruoyi.web.controller.monitor.SysLogininforController.remove()', 'POST', 1, 'admin', '研发部门', '/monitor/logininfor/remove', '127.0.0.1', '内网IP', '{\r\n  \"ids\" : [ \"105\" ]\r\n}', '{\r\n  \"msg\" : \"操作成功\",\r\n  \"code\" : 0\r\n}', 0, '', NULL);
INSERT INTO `sys_oper_log` VALUES (3, '登陆日志', 9, 'com.ruoyi.web.controller.monitor.SysLogininforController.clean()', 'POST', 1, 'admin', '研发部门', '/monitor/logininfor/clean', '127.0.0.1', '内网IP', '{ }', '{\r\n  \"msg\" : \"操作成功\",\r\n  \"code\" : 0\r\n}', 0, '', NULL);
INSERT INTO `sys_oper_log` VALUES (4, '在线用户', 7, 'com.ruoyi.web.controller.monitor.SysUserOnlineController.batchForceLogout()', 'POST', 1, 'admin', '研发部门', '/monitor/online/batchForceLogout', '127.0.0.1', '内网IP', '{\r\n  \"ids\" : [ \"25ca2813-caeb-4269-98ce-8ec5ba5ae00e\" ]\r\n}', '{\r\n  \"msg\" : \"当前登陆用户无法强退\",\r\n  \"code\" : 500\r\n}', 0, '', NULL);
INSERT INTO `sys_oper_log` VALUES (5, '定时任务', 2, 'com.ruoyi.quartz.controller.SysJobController.editSave()', 'POST', 1, 'admin', '研发部门', '/monitor/job/edit', '127.0.0.1', '内网IP', '{\r\n  \"jobId\" : [ \"1\" ],\r\n  \"updateBy\" : [ \"admin\" ],\r\n  \"jobName\" : [ \"系统默认（无参）\" ],\r\n  \"jobGroup\" : [ \"DEFAULT\" ],\r\n  \"invokeTarget\" : [ \"ryTask.ryNoParams\" ],\r\n  \"cronExpression\" : [ \"0/10 * * * * ?\" ],\r\n  \"misfirePolicy\" : [ \"3\" ],\r\n  \"concurrent\" : [ \"1\" ],\r\n  \"status\" : [ \"1\" ],\r\n  \"remark\" : [ \"\" ]\r\n}', '{\r\n  \"msg\" : \"操作成功\",\r\n  \"code\" : 0\r\n}', 0, '', NULL);
INSERT INTO `sys_oper_log` VALUES (6, '定时任务', 2, 'com.ruoyi.quartz.controller.SysJobController.run()', 'POST', 1, 'admin', '研发部门', '/monitor/job/run', '127.0.0.1', '内网IP', '{\r\n  \"jobId\" : [ \"1\" ]\r\n}', '{\r\n  \"msg\" : \"操作成功\",\r\n  \"code\" : 0\r\n}', 0, '', NULL);
INSERT INTO `sys_oper_log` VALUES (7, '定时任务', 2, 'com.ruoyi.quartz.controller.SysJobController.editSave()', 'POST', 1, 'admin', '研发部门', '/monitor/job/edit', '127.0.0.1', '内网IP', '{\r\n  \"jobId\" : [ \"1\" ],\r\n  \"updateBy\" : [ \"admin\" ],\r\n  \"jobName\" : [ \"系统默认（无参）\" ],\r\n  \"jobGroup\" : [ \"DEFAULT\" ],\r\n  \"invokeTarget\" : [ \"ryTask.ryNoParams\" ],\r\n  \"cronExpression\" : [ \"0/10 * * * * ?\" ],\r\n  \"misfirePolicy\" : [ \"3\" ],\r\n  \"concurrent\" : [ \"1\" ],\r\n  \"status\" : [ \"1\" ],\r\n  \"remark\" : [ \"\" ]\r\n}', '{\r\n  \"msg\" : \"操作成功\",\r\n  \"code\" : 0\r\n}', 0, '', NULL);
INSERT INTO `sys_oper_log` VALUES (8, '定时任务', 2, 'com.ruoyi.quartz.controller.SysJobController.editSave()', 'POST', 1, 'admin', '研发部门', '/monitor/job/edit', '127.0.0.1', '内网IP', '{\r\n  \"jobId\" : [ \"1\" ],\r\n  \"updateBy\" : [ \"admin\" ],\r\n  \"jobName\" : [ \"系统默认（无参）\" ],\r\n  \"jobGroup\" : [ \"DEFAULT\" ],\r\n  \"invokeTarget\" : [ \"ryTask.ryNoParams\" ],\r\n  \"cronExpression\" : [ \"0/10 * * * * ?\" ],\r\n  \"misfirePolicy\" : [ \"3\" ],\r\n  \"concurrent\" : [ \"1\" ],\r\n  \"status\" : [ \"1\" ],\r\n  \"remark\" : [ \"\" ]\r\n}', '{\r\n  \"msg\" : \"操作成功\",\r\n  \"code\" : 0\r\n}', 0, '', NULL);
INSERT INTO `sys_oper_log` VALUES (9, '代码生成', 6, 'com.ruoyi.generator.controller.GenController.importTableSave()', 'POST', 1, 'admin', '研发部门', '/tool/gen/importTable', '127.0.0.1', '内网IP', '{\r\n  \"tables\" : [ \"sys_dept\" ]\r\n}', '{\r\n  \"msg\" : \"操作成功\",\r\n  \"code\" : 0\r\n}', 0, '', NULL);
INSERT INTO `sys_oper_log` VALUES (10, '代码生成', 3, 'com.ruoyi.generator.controller.GenController.remove()', 'POST', 1, 'admin', '研发部门', '/tool/gen/remove', '127.0.0.1', '内网IP', '{\r\n  \"ids\" : [ \"2\" ]\r\n}', '{\r\n  \"msg\" : \"操作成功\",\r\n  \"code\" : 0\r\n}', 0, '', NULL);
INSERT INTO `sys_oper_log` VALUES (11, '代码生成', 6, 'com.ruoyi.generator.controller.GenController.importTableSave()', 'POST', 1, 'admin', '研发部门', '/tool/gen/importTable', '127.0.0.1', '内网IP', '{\r\n  \"tables\" : [ \"sys_user_online\" ]\r\n}', '{\r\n  \"msg\" : \"操作成功\",\r\n  \"code\" : 0\r\n}', 0, '', NULL);
INSERT INTO `sys_oper_log` VALUES (12, '代码生成', 6, 'com.ruoyi.generator.controller.GenController.importTableSave()', 'POST', 1, 'admin', '研发部门', '/tool/gen/importTable', '127.0.0.1', '内网IP', '{\r\n  \"tables\" : [ \"sys_dept\" ]\r\n}', '{\r\n  \"msg\" : \"操作成功\",\r\n  \"code\" : 0\r\n}', 0, '', NULL);
INSERT INTO `sys_oper_log` VALUES (13, '代码生成', 2, 'com.ruoyi.generator.controller.GenController.editSave()', 'POST', 1, 'admin', '研发部门', '/tool/gen/edit', '127.0.0.1', '内网IP', '{\r\n  \"tableId\" : [ \"4\" ],\r\n  \"tableName\" : [ \"sys_dept\" ],\r\n  \"tableComment\" : [ \"部门表\" ],\r\n  \"className\" : [ \"SysDept\" ],\r\n  \"functionAuthor\" : [ \"ruoyi\" ],\r\n  \"remark\" : [ \"\" ],\r\n  \"columns[0].columnId\" : [ \"41\" ],\r\n  \"columns[0].sort\" : [ \"1\" ],\r\n  \"columns[0].columnComment\" : [ \"部门id\" ],\r\n  \"columns[0].javaType\" : [ \"Long\" ],\r\n  \"columns[0].javaField\" : [ \"deptId\" ],\r\n  \"columns[0].isInsert\" : [ \"1\" ],\r\n  \"columns[0].queryType\" : [ \"EQ\" ],\r\n  \"columns[0].htmlType\" : [ \"input\" ],\r\n  \"columns[0].dictType\" : [ \"\" ],\r\n  \"columns[1].columnId\" : [ \"42\" ],\r\n  \"columns[1].sort\" : [ \"2\" ],\r\n  \"columns[1].columnComment\" : [ \"父部门id\" ],\r\n  \"columns[1].javaType\" : [ \"Long\" ],\r\n  \"columns[1].javaField\" : [ \"parentId\" ],\r\n  \"columns[1].isInsert\" : [ \"1\" ],\r\n  \"columns[1].isEdit\" : [ \"1\" ],\r\n  \"columns[1].isList\" : [ \"1\" ],\r\n  \"columns[1].isQuery\" : [ \"1\" ],\r\n  \"columns[1].queryType\" : [ \"EQ\" ],\r\n  \"columns[1].htmlType\" : [ \"input\" ],\r\n  \"columns[1].dictType\" : [ \"\" ],\r\n  \"columns[2].columnId\" : [ \"43\" ],\r\n  \"columns[2].sort\" : [ \"3\" ],\r\n  \"columns[2].columnComment\" : [ \"祖级列表\" ],\r\n  \"columns[2].javaType\" : [ \"String\" ],\r\n  \"columns[2].javaField\" : [ \"ancestors\" ],\r\n  \"columns[2].isInsert\" : [ \"1\" ],\r\n  \"columns[2].isEdit\" : [ \"1\" ],\r\n  \"columns[2].isList\" : [ \"1\" ],\r\n  \"columns[2].isQuery\" : [ \"1\" ],\r\n  \"columns[2].queryType\" : [ \"EQ\" ],\r\n  \"columns[2].htmlType\" : [ \"input\" ],\r\n  \"columns[2].dictType\" : [ \"\" ],\r\n  \"columns[3].columnId\" : [ \"44\" ],\r\n  \"columns[3].sort\" : [ \"4\" ],\r\n  \"columns[3].columnComment\" : [ \"部门名称\" ],\r\n  \"columns[3].javaType\" : [ \"String\" ],\r\n  \"columns[3].javaField\" : [ \"deptName\" ],\r\n  \"columns[3].isInsert\" : [ \"1\" ],\r\n  \"columns[3].isEdit\" : [ \"1\" ],\r\n  \"columns[3].isList\" : [ \"1\" ],\r\n  \"columns[3].isQuery\" : [ \"1\" ],\r\n  \"columns[3].queryType\" : [ \"LIKE\" ],\r\n  \"columns[3].htmlType\" : [ \"input\" ],\r\n  \"columns[3].dictType\" : [ \"\" ],\r\n  \"columns[4].columnId\" : [ \"45\" ],\r\n  \"columns[4].sort\" : [ \"5\" ],\r\n  \"columns[4].columnComment\" : [ \"显示顺序\" ],\r\n  \"columns[4', '{\r\n  \"msg\" : \"操作成功\",\r\n  \"code\" : 0\r\n}', 0, '', NULL);
INSERT INTO `sys_oper_log` VALUES (14, '代码生成', 2, 'com.ruoyi.generator.controller.GenController.editSave()', 'POST', 1, 'admin', '研发部门', '/tool/gen/edit', '127.0.0.1', '内网IP', '{\r\n  \"tableId\" : [ \"1\" ],\r\n  \"tableName\" : [ \"sys_notice\" ],\r\n  \"tableComment\" : [ \"通知公告表\" ],\r\n  \"className\" : [ \"SysNotice\" ],\r\n  \"functionAuthor\" : [ \"ruoyi\" ],\r\n  \"remark\" : [ \"\" ],\r\n  \"columns[0].columnId\" : [ \"1\" ],\r\n  \"columns[0].sort\" : [ \"1\" ],\r\n  \"columns[0].columnComment\" : [ \"公告ID\" ],\r\n  \"columns[0].javaType\" : [ \"Integer\" ],\r\n  \"columns[0].javaField\" : [ \"noticeId\" ],\r\n  \"columns[0].isInsert\" : [ \"1\" ],\r\n  \"columns[0].queryType\" : [ \"EQ\" ],\r\n  \"columns[0].htmlType\" : [ \"input\" ],\r\n  \"columns[0].dictType\" : [ \"\" ],\r\n  \"columns[1].columnId\" : [ \"3\" ],\r\n  \"columns[1].sort\" : [ \"3\" ],\r\n  \"columns[1].columnComment\" : [ \"公告类型（1通知 2公告）\" ],\r\n  \"columns[1].javaType\" : [ \"String\" ],\r\n  \"columns[1].javaField\" : [ \"noticeType\" ],\r\n  \"columns[1].isInsert\" : [ \"1\" ],\r\n  \"columns[1].isEdit\" : [ \"1\" ],\r\n  \"columns[1].isList\" : [ \"1\" ],\r\n  \"columns[1].isQuery\" : [ \"1\" ],\r\n  \"columns[1].queryType\" : [ \"EQ\" ],\r\n  \"columns[1].isRequired\" : [ \"1\" ],\r\n  \"columns[1].htmlType\" : [ \"select\" ],\r\n  \"columns[1].dictType\" : [ \"\" ],\r\n  \"columns[2].columnId\" : [ \"4\" ],\r\n  \"columns[2].sort\" : [ \"4\" ],\r\n  \"columns[2].columnComment\" : [ \"公告内容\" ],\r\n  \"columns[2].javaType\" : [ \"String\" ],\r\n  \"columns[2].javaField\" : [ \"noticeContent\" ],\r\n  \"columns[2].isInsert\" : [ \"1\" ],\r\n  \"columns[2].isEdit\" : [ \"1\" ],\r\n  \"columns[2].isList\" : [ \"1\" ],\r\n  \"columns[2].isQuery\" : [ \"1\" ],\r\n  \"columns[2].queryType\" : [ \"EQ\" ],\r\n  \"columns[2].htmlType\" : [ \"textarea\" ],\r\n  \"columns[2].dictType\" : [ \"\" ],\r\n  \"columns[3].columnId\" : [ \"5\" ],\r\n  \"columns[3].sort\" : [ \"5\" ],\r\n  \"columns[3].columnComment\" : [ \"公告状态（0正常 1关闭）\" ],\r\n  \"columns[3].javaType\" : [ \"String\" ],\r\n  \"columns[3].javaField\" : [ \"status\" ],\r\n  \"columns[3].isInsert\" : [ \"1\" ],\r\n  \"columns[3].isEdit\" : [ \"1\" ],\r\n  \"columns[3].isList\" : [ \"1\" ],\r\n  \"columns[3].isQuery\" : [ \"1\" ],\r\n  \"columns[3].queryType\" : [ \"EQ\" ],\r\n  \"columns[3].htmlType\" : [ \"radio\" ],\r\n  \"columns[3].dictType\" : [ \"\" ],\r\n  \"columns[4].columnId\" : [ \"6\" ],\r\n  \"columns[4].sort\"', '{\r\n  \"msg\" : \"操作成功\",\r\n  \"code\" : 0\r\n}', 0, '', NULL);
INSERT INTO `sys_oper_log` VALUES (15, '个人信息', 2, 'com.ruoyi.web.controller.system.SysProfileController.update()', 'POST', 1, 'admin', '研发部门', '/system/user/profile/update', '127.0.0.1', '内网IP', '{\r\n  \"id\" : [ \"\" ],\r\n  \"userName\" : [ \"若依\" ],\r\n  \"phonenumber\" : [ \"15888888888\" ],\r\n  \"email\" : [ \"ry@163.com\" ],\r\n  \"sex\" : [ \"1\" ]\r\n}', '{\r\n  \"msg\" : \"操作成功\",\r\n  \"code\" : 0\r\n}', 0, '', NULL);
INSERT INTO `sys_oper_log` VALUES (16, '个人信息', 2, 'com.ruoyi.web.controller.system.SysProfileController.updateAvatar()', 'POST', 1, 'admin', '研发部门', '/system/user/profile/updateAvatar', '127.0.0.1', '内网IP', '{ }', '{\r\n  \"msg\" : \"操作成功\",\r\n  \"code\" : 0\r\n}', 0, '', NULL);
INSERT INTO `sys_oper_log` VALUES (17, '菜单管理', 1, 'com.ruoyi.web.controller.system.SysMenuController.addSave()', 'POST', 1, 'admin', '研发部门', '/system/menu/add', '127.0.0.1', '内网IP', '{\r\n  \"parentId\" : [ \"0\" ],\r\n  \"menuType\" : [ \"M\" ],\r\n  \"menuName\" : [ \"工作流程\" ],\r\n  \"url\" : [ \"\" ],\r\n  \"target\" : [ \"menuItem\" ],\r\n  \"perms\" : [ \"\" ],\r\n  \"orderNum\" : [ \"5\" ],\r\n  \"icon\" : [ \"fa fa-wrench\" ],\r\n  \"visible\" : [ \"0\" ]\r\n}', '{\r\n  \"msg\" : \"操作成功\",\r\n  \"code\" : 0\r\n}', 0, '', NULL);
INSERT INTO `sys_oper_log` VALUES (18, '菜单管理', 1, 'com.ruoyi.web.controller.system.SysMenuController.addSave()', 'POST', 1, 'admin', '研发部门', '/system/menu/add', '127.0.0.1', '内网IP', '{\r\n  \"parentId\" : [ \"2001\" ],\r\n  \"menuType\" : [ \"C\" ],\r\n  \"menuName\" : [ \"模型管理\" ],\r\n  \"url\" : [ \"/activiti/model\" ],\r\n  \"target\" : [ \"menuBlank\" ],\r\n  \"perms\" : [ \"activiti:model:view\" ],\r\n  \"orderNum\" : [ \"1\" ],\r\n  \"icon\" : [ \"\" ],\r\n  \"visible\" : [ \"0\" ]\r\n}', '{\r\n  \"msg\" : \"操作成功\",\r\n  \"code\" : 0\r\n}', 0, '', NULL);
INSERT INTO `sys_oper_log` VALUES (19, '菜单管理', 1, 'com.ruoyi.web.controller.system.SysMenuController.addSave()', 'POST', 1, 'admin', '研发部门', '/system/menu/add', '127.0.0.1', '内网IP', '{\r\n  \"parentId\" : [ \"2001\" ],\r\n  \"menuType\" : [ \"C\" ],\r\n  \"menuName\" : [ \"流程管理\" ],\r\n  \"url\" : [ \"/activiti/process\" ],\r\n  \"target\" : [ \"menuItem\" ],\r\n  \"perms\" : [ \"activiti:process:view\" ],\r\n  \"orderNum\" : [ \"2\" ],\r\n  \"icon\" : [ \"\" ],\r\n  \"visible\" : [ \"0\" ]\r\n}', '{\r\n  \"msg\" : \"操作成功\",\r\n  \"code\" : 0\r\n}', 0, '', NULL);
INSERT INTO `sys_oper_log` VALUES (20, '菜单管理', 1, 'com.ruoyi.web.controller.system.SysMenuController.addSave()', 'POST', 1, 'admin', '研发部门', '/system/menu/add', '127.0.0.1', '内网IP', '{\r\n  \"parentId\" : [ \"2002\" ],\r\n  \"menuType\" : [ \"F\" ],\r\n  \"menuName\" : [ \"模型查询\" ],\r\n  \"url\" : [ \"\" ],\r\n  \"target\" : [ \"menuItem\" ],\r\n  \"perms\" : [ \"activiti:model:list\" ],\r\n  \"orderNum\" : [ \"1\" ],\r\n  \"icon\" : [ \"\" ]\r\n}', '{\r\n  \"msg\" : \"操作成功\",\r\n  \"code\" : 0\r\n}', 0, '', NULL);
INSERT INTO `sys_oper_log` VALUES (21, '菜单管理', 1, 'com.ruoyi.web.controller.system.SysMenuController.addSave()', 'POST', 1, 'admin', '研发部门', '/system/menu/add', '127.0.0.1', '内网IP', '{\r\n  \"parentId\" : [ \"2002\" ],\r\n  \"menuType\" : [ \"F\" ],\r\n  \"menuName\" : [ \"模型新增\" ],\r\n  \"url\" : [ \"\" ],\r\n  \"target\" : [ \"menuItem\" ],\r\n  \"perms\" : [ \"activiti:model:add\" ],\r\n  \"orderNum\" : [ \"2\" ],\r\n  \"icon\" : [ \"\" ]\r\n}', '{\r\n  \"msg\" : \"操作成功\",\r\n  \"code\" : 0\r\n}', 0, '', NULL);
INSERT INTO `sys_oper_log` VALUES (22, '菜单管理', 1, 'com.ruoyi.web.controller.system.SysMenuController.addSave()', 'POST', 1, 'admin', '研发部门', '/system/menu/add', '127.0.0.1', '内网IP', '{\r\n  \"parentId\" : [ \"2002\" ],\r\n  \"menuType\" : [ \"F\" ],\r\n  \"menuName\" : [ \"模型修改\" ],\r\n  \"url\" : [ \"\" ],\r\n  \"target\" : [ \"menuItem\" ],\r\n  \"perms\" : [ \"activiti:model:edit\" ],\r\n  \"orderNum\" : [ \"3\" ],\r\n  \"icon\" : [ \"\" ]\r\n}', '{\r\n  \"msg\" : \"操作成功\",\r\n  \"code\" : 0\r\n}', 0, '', NULL);
INSERT INTO `sys_oper_log` VALUES (23, '菜单管理', 1, 'com.ruoyi.web.controller.system.SysMenuController.addSave()', 'POST', 1, 'admin', '研发部门', '/system/menu/add', '127.0.0.1', '内网IP', '{\r\n  \"parentId\" : [ \"2002\" ],\r\n  \"menuType\" : [ \"F\" ],\r\n  \"menuName\" : [ \"模型删除\" ],\r\n  \"url\" : [ \"\" ],\r\n  \"target\" : [ \"menuItem\" ],\r\n  \"perms\" : [ \"activiti:model:remove\" ],\r\n  \"orderNum\" : [ \"4\" ],\r\n  \"icon\" : [ \"\" ]\r\n}', '{\r\n  \"msg\" : \"操作成功\",\r\n  \"code\" : 0\r\n}', 0, '', NULL);
INSERT INTO `sys_oper_log` VALUES (24, '菜单管理', 1, 'com.ruoyi.web.controller.system.SysMenuController.addSave()', 'POST', 1, 'admin', '研发部门', '/system/menu/add', '127.0.0.1', '内网IP', '{\r\n  \"parentId\" : [ \"2002\" ],\r\n  \"menuType\" : [ \"F\" ],\r\n  \"menuName\" : [ \"模型部署\" ],\r\n  \"url\" : [ \"\" ],\r\n  \"target\" : [ \"menuItem\" ],\r\n  \"perms\" : [ \"activiti:model:deploy\" ],\r\n  \"orderNum\" : [ \"5\" ],\r\n  \"icon\" : [ \"\" ]\r\n}', '{\r\n  \"msg\" : \"操作成功\",\r\n  \"code\" : 0\r\n}', 0, '', NULL);
INSERT INTO `sys_oper_log` VALUES (25, '菜单管理', 1, 'com.ruoyi.web.controller.system.SysMenuController.addSave()', 'POST', 1, 'admin', '研发部门', '/system/menu/add', '127.0.0.1', '内网IP', '{\r\n  \"parentId\" : [ \"2002\" ],\r\n  \"menuType\" : [ \"F\" ],\r\n  \"menuName\" : [ \"模型导出\" ],\r\n  \"url\" : [ \"\" ],\r\n  \"target\" : [ \"menuItem\" ],\r\n  \"perms\" : [ \"activiti:model:export\" ],\r\n  \"orderNum\" : [ \"6\" ],\r\n  \"icon\" : [ \"\" ]\r\n}', '{\r\n  \"msg\" : \"操作成功\",\r\n  \"code\" : 0\r\n}', 0, '', NULL);
INSERT INTO `sys_oper_log` VALUES (26, '菜单管理', 1, 'com.ruoyi.web.controller.system.SysMenuController.addSave()', 'POST', 1, 'admin', '研发部门', '/system/menu/add', '127.0.0.1', '内网IP', '{\r\n  \"parentId\" : [ \"2003\" ],\r\n  \"menuType\" : [ \"F\" ],\r\n  \"menuName\" : [ \"流程查询\" ],\r\n  \"url\" : [ \"\" ],\r\n  \"target\" : [ \"menuItem\" ],\r\n  \"perms\" : [ \"activiti:process:list\" ],\r\n  \"orderNum\" : [ \"1\" ],\r\n  \"icon\" : [ \"\" ]\r\n}', '{\r\n  \"msg\" : \"操作成功\",\r\n  \"code\" : 0\r\n}', 0, '', NULL);
INSERT INTO `sys_oper_log` VALUES (27, '菜单管理', 1, 'com.ruoyi.web.controller.system.SysMenuController.addSave()', 'POST', 1, 'admin', '研发部门', '/system/menu/add', '127.0.0.1', '内网IP', '{\r\n  \"parentId\" : [ \"2003\" ],\r\n  \"menuType\" : [ \"F\" ],\r\n  \"menuName\" : [ \"流程新增\" ],\r\n  \"url\" : [ \"\" ],\r\n  \"target\" : [ \"menuItem\" ],\r\n  \"perms\" : [ \"activiti:process:add\" ],\r\n  \"orderNum\" : [ \"2\" ],\r\n  \"icon\" : [ \"\" ]\r\n}', '{\r\n  \"msg\" : \"操作成功\",\r\n  \"code\" : 0\r\n}', 0, '', NULL);
INSERT INTO `sys_oper_log` VALUES (28, '菜单管理', 1, 'com.ruoyi.web.controller.system.SysMenuController.addSave()', 'POST', 1, 'admin', '研发部门', '/system/menu/add', '127.0.0.1', '内网IP', '{\r\n  \"parentId\" : [ \"2003\" ],\r\n  \"menuType\" : [ \"F\" ],\r\n  \"menuName\" : [ \"流程删除\" ],\r\n  \"url\" : [ \"\" ],\r\n  \"target\" : [ \"menuItem\" ],\r\n  \"perms\" : [ \"activiti:process:remove\" ],\r\n  \"orderNum\" : [ \"3\" ],\r\n  \"icon\" : [ \"\" ]\r\n}', '{\r\n  \"msg\" : \"操作成功\",\r\n  \"code\" : 0\r\n}', 0, '', NULL);
INSERT INTO `sys_oper_log` VALUES (29, '菜单管理', 1, 'com.ruoyi.web.controller.system.SysMenuController.addSave()', 'POST', 1, 'admin', '研发部门', '/system/menu/add', '127.0.0.1', '内网IP', '{\r\n  \"parentId\" : [ \"2003\" ],\r\n  \"menuType\" : [ \"F\" ],\r\n  \"menuName\" : [ \"转为模型\" ],\r\n  \"url\" : [ \"\" ],\r\n  \"target\" : [ \"menuItem\" ],\r\n  \"perms\" : [ \"activiti:process:model\" ],\r\n  \"orderNum\" : [ \"4\" ],\r\n  \"icon\" : [ \"\" ]\r\n}', '{\r\n  \"msg\" : \"操作成功\",\r\n  \"code\" : 0\r\n}', 0, '', NULL);
INSERT INTO `sys_oper_log` VALUES (30, '菜单管理', 2, 'com.ruoyi.web.controller.system.SysMenuController.editSave()', 'POST', 1, 'admin', '研发部门', '/system/menu/edit', '127.0.0.1', '内网IP', '{\r\n  \"menuId\" : [ \"2011\" ],\r\n  \"parentId\" : [ \"2003\" ],\r\n  \"menuType\" : [ \"F\" ],\r\n  \"menuName\" : [ \"设置节点处理人\" ],\r\n  \"url\" : [ \"\" ],\r\n  \"target\" : [ \"menuItem\" ],\r\n  \"perms\" : [ \"activiti:assignee:add\" ],\r\n  \"orderNum\" : [ \"2\" ],\r\n  \"icon\" : [ \"\" ],\r\n  \"visible\" : [ \"0\" ]\r\n}', '{\r\n  \"msg\" : \"操作成功\",\r\n  \"code\" : 0\r\n}', 0, '', NULL);
INSERT INTO `sys_oper_log` VALUES (31, '菜单管理', 3, 'com.ruoyi.web.controller.system.SysMenuController.remove()', 'GET', 1, 'admin', '研发部门', '/system/menu/remove/2013', '127.0.0.1', '内网IP', '{ }', '{\r\n  \"msg\" : \"操作成功\",\r\n  \"code\" : 0\r\n}', 0, '', NULL);
INSERT INTO `sys_oper_log` VALUES (32, '菜单管理', 3, 'com.ruoyi.web.controller.system.SysMenuController.remove()', 'GET', 1, 'admin', '研发部门', '/system/menu/remove/2009', '127.0.0.1', '内网IP', '{ }', '{\r\n  \"msg\" : \"操作成功\",\r\n  \"code\" : 0\r\n}', 0, '', NULL);

-- ----------------------------
-- Table structure for sys_post
-- ----------------------------
DROP TABLE IF EXISTS `sys_post`;
CREATE TABLE `sys_post`  (
  `post_id` bigint(20) NOT NULL AUTO_INCREMENT COMMENT '岗位ID',
  `post_code` varchar(64) CHARACTER SET utf8 COLLATE utf8_general_ci NOT NULL COMMENT '岗位编码',
  `post_name` varchar(50) CHARACTER SET utf8 COLLATE utf8_general_ci NOT NULL COMMENT '岗位名称',
  `post_sort` int(4) NOT NULL COMMENT '显示顺序',
  `status` char(1) CHARACTER SET utf8 COLLATE utf8_general_ci NOT NULL COMMENT '状态（0正常 1停用）',
  `create_by` varchar(64) CHARACTER SET utf8 COLLATE utf8_general_ci NULL DEFAULT '' COMMENT '创建者',
  `create_time` datetime(0) NULL DEFAULT NULL COMMENT '创建时间',
  `update_by` varchar(64) CHARACTER SET utf8 COLLATE utf8_general_ci NULL DEFAULT '' COMMENT '更新者',
  `update_time` datetime(0) NULL DEFAULT NULL COMMENT '更新时间',
  `remark` varchar(500) CHARACTER SET utf8 COLLATE utf8_general_ci NULL DEFAULT NULL COMMENT '备注',
  PRIMARY KEY (`post_id`) USING BTREE
) ENGINE = InnoDB AUTO_INCREMENT = 5 CHARACTER SET = utf8 COLLATE = utf8_general_ci COMMENT = '岗位信息表' ROW_FORMAT = Dynamic;

-- ----------------------------
-- Records of sys_post
-- ----------------------------
INSERT INTO `sys_post` VALUES (1, 'ceo', '董事长', 1, '0', 'admin', '2018-03-16 11:33:00', 'ry', '2018-03-16 11:33:00', '');
INSERT INTO `sys_post` VALUES (2, 'se', '项目经理', 2, '0', 'admin', '2018-03-16 11:33:00', 'ry', '2018-03-16 11:33:00', '');
INSERT INTO `sys_post` VALUES (3, 'hr', '人力资源', 3, '0', 'admin', '2018-03-16 11:33:00', 'ry', '2018-03-16 11:33:00', '');

-- ----------------------------
-- Table structure for sys_role
-- ----------------------------
DROP TABLE IF EXISTS `sys_role`;
CREATE TABLE `sys_role`  (
  `role_id` bigint(20) NOT NULL AUTO_INCREMENT COMMENT '角色ID',
  `role_name` varchar(30) CHARACTER SET utf8 COLLATE utf8_general_ci NOT NULL COMMENT '角色名称',
  `role_key` varchar(100) CHARACTER SET utf8 COLLATE utf8_general_ci NOT NULL COMMENT '角色权限字符串',
  `role_sort` int(4) NOT NULL COMMENT '显示顺序',
  `data_scope` char(1) CHARACTER SET utf8 COLLATE utf8_general_ci NULL DEFAULT '1' COMMENT '数据范围（1：全部数据权限 2：自定数据权限 3：本部门数据权限 4：本部门及以下数据权限）',
  `status` char(1) CHARACTER SET utf8 COLLATE utf8_general_ci NOT NULL COMMENT '角色状态（0正常 1停用）',
  `del_flag` char(1) CHARACTER SET utf8 COLLATE utf8_general_ci NULL DEFAULT '0' COMMENT '删除标志（0代表存在 2代表删除）',
  `create_by` varchar(64) CHARACTER SET utf8 COLLATE utf8_general_ci NULL DEFAULT '' COMMENT '创建者',
  `create_time` datetime(0) NULL DEFAULT NULL COMMENT '创建时间',
  `update_by` varchar(64) CHARACTER SET utf8 COLLATE utf8_general_ci NULL DEFAULT '' COMMENT '更新者',
  `update_time` datetime(0) NULL DEFAULT NULL COMMENT '更新时间',
  `remark` varchar(500) CHARACTER SET utf8 COLLATE utf8_general_ci NULL DEFAULT NULL COMMENT '备注',
  PRIMARY KEY (`role_id`) USING BTREE
) ENGINE = InnoDB AUTO_INCREMENT = 100 CHARACTER SET = utf8 COLLATE = utf8_general_ci COMMENT = '角色信息表' ROW_FORMAT = Dynamic;

-- ----------------------------
-- Records of sys_role
-- ----------------------------
INSERT INTO `sys_role` VALUES (1, '管理员', 'admin', 1, '1', '0', '0', 'admin', '2018-03-16 11:33:00', 'ry', '2018-03-16 11:33:00', '管理员');
INSERT INTO `sys_role` VALUES (2, '普通角色', 'common', 2, '2', '0', '0', 'admin', '2018-03-16 11:33:00', 'admin', '2020-06-18 11:38:44', '普通角色');

-- ----------------------------
-- Table structure for sys_role_dept
-- ----------------------------
DROP TABLE IF EXISTS `sys_role_dept`;
CREATE TABLE `sys_role_dept`  (
  `role_id` bigint(20) NOT NULL COMMENT '角色ID',
  `dept_id` bigint(20) NOT NULL COMMENT '部门ID',
  PRIMARY KEY (`role_id`, `dept_id`) USING BTREE
) ENGINE = InnoDB CHARACTER SET = utf8 COLLATE = utf8_general_ci COMMENT = '角色和部门关联表' ROW_FORMAT = Dynamic;

-- ----------------------------
-- Records of sys_role_dept
-- ----------------------------
INSERT INTO `sys_role_dept` VALUES (2, 100);
INSERT INTO `sys_role_dept` VALUES (2, 101);
INSERT INTO `sys_role_dept` VALUES (2, 105);

-- ----------------------------
-- Table structure for sys_role_menu
-- ----------------------------
DROP TABLE IF EXISTS `sys_role_menu`;
CREATE TABLE `sys_role_menu`  (
  `role_id` bigint(20) NOT NULL COMMENT '角色ID',
  `menu_id` bigint(20) NOT NULL COMMENT '菜单ID',
  PRIMARY KEY (`role_id`, `menu_id`) USING BTREE
) ENGINE = InnoDB CHARACTER SET = utf8 COLLATE = utf8_general_ci COMMENT = '角色和菜单关联表' ROW_FORMAT = Dynamic;

-- ----------------------------
-- Records of sys_role_menu
-- ----------------------------
INSERT INTO `sys_role_menu` VALUES (2, 1);
INSERT INTO `sys_role_menu` VALUES (2, 2);
INSERT INTO `sys_role_menu` VALUES (2, 3);
INSERT INTO `sys_role_menu` VALUES (2, 100);
INSERT INTO `sys_role_menu` VALUES (2, 101);
INSERT INTO `sys_role_menu` VALUES (2, 102);
INSERT INTO `sys_role_menu` VALUES (2, 103);
INSERT INTO `sys_role_menu` VALUES (2, 104);
INSERT INTO `sys_role_menu` VALUES (2, 105);
INSERT INTO `sys_role_menu` VALUES (2, 106);
INSERT INTO `sys_role_menu` VALUES (2, 107);
INSERT INTO `sys_role_menu` VALUES (2, 108);
INSERT INTO `sys_role_menu` VALUES (2, 109);
INSERT INTO `sys_role_menu` VALUES (2, 110);
INSERT INTO `sys_role_menu` VALUES (2, 111);
INSERT INTO `sys_role_menu` VALUES (2, 112);
INSERT INTO `sys_role_menu` VALUES (2, 113);
INSERT INTO `sys_role_menu` VALUES (2, 114);
INSERT INTO `sys_role_menu` VALUES (2, 115);
INSERT INTO `sys_role_menu` VALUES (2, 500);
INSERT INTO `sys_role_menu` VALUES (2, 501);
INSERT INTO `sys_role_menu` VALUES (2, 1000);
INSERT INTO `sys_role_menu` VALUES (2, 1001);
INSERT INTO `sys_role_menu` VALUES (2, 1002);
INSERT INTO `sys_role_menu` VALUES (2, 1003);
INSERT INTO `sys_role_menu` VALUES (2, 1004);
INSERT INTO `sys_role_menu` VALUES (2, 1005);
INSERT INTO `sys_role_menu` VALUES (2, 1006);
INSERT INTO `sys_role_menu` VALUES (2, 1007);
INSERT INTO `sys_role_menu` VALUES (2, 1008);
INSERT INTO `sys_role_menu` VALUES (2, 1009);
INSERT INTO `sys_role_menu` VALUES (2, 1010);
INSERT INTO `sys_role_menu` VALUES (2, 1011);
INSERT INTO `sys_role_menu` VALUES (2, 1012);
INSERT INTO `sys_role_menu` VALUES (2, 1013);
INSERT INTO `sys_role_menu` VALUES (2, 1014);
INSERT INTO `sys_role_menu` VALUES (2, 1015);
INSERT INTO `sys_role_menu` VALUES (2, 1016);
INSERT INTO `sys_role_menu` VALUES (2, 1017);
INSERT INTO `sys_role_menu` VALUES (2, 1018);
INSERT INTO `sys_role_menu` VALUES (2, 1019);
INSERT INTO `sys_role_menu` VALUES (2, 1020);
INSERT INTO `sys_role_menu` VALUES (2, 1021);
INSERT INTO `sys_role_menu` VALUES (2, 1022);
INSERT INTO `sys_role_menu` VALUES (2, 1023);
INSERT INTO `sys_role_menu` VALUES (2, 1024);
INSERT INTO `sys_role_menu` VALUES (2, 1025);
INSERT INTO `sys_role_menu` VALUES (2, 1026);
INSERT INTO `sys_role_menu` VALUES (2, 1027);
INSERT INTO `sys_role_menu` VALUES (2, 1028);
INSERT INTO `sys_role_menu` VALUES (2, 1029);
INSERT INTO `sys_role_menu` VALUES (2, 1030);
INSERT INTO `sys_role_menu` VALUES (2, 1031);
INSERT INTO `sys_role_menu` VALUES (2, 1032);
INSERT INTO `sys_role_menu` VALUES (2, 1033);
INSERT INTO `sys_role_menu` VALUES (2, 1034);
INSERT INTO `sys_role_menu` VALUES (2, 1035);
INSERT INTO `sys_role_menu` VALUES (2, 1036);
INSERT INTO `sys_role_menu` VALUES (2, 1037);
INSERT INTO `sys_role_menu` VALUES (2, 1038);
INSERT INTO `sys_role_menu` VALUES (2, 1039);
INSERT INTO `sys_role_menu` VALUES (2, 1040);
INSERT INTO `sys_role_menu` VALUES (2, 1041);
INSERT INTO `sys_role_menu` VALUES (2, 1042);
INSERT INTO `sys_role_menu` VALUES (2, 1043);
INSERT INTO `sys_role_menu` VALUES (2, 1044);
INSERT INTO `sys_role_menu` VALUES (2, 1045);
INSERT INTO `sys_role_menu` VALUES (2, 1046);
INSERT INTO `sys_role_menu` VALUES (2, 1047);
INSERT INTO `sys_role_menu` VALUES (2, 1048);
INSERT INTO `sys_role_menu` VALUES (2, 1049);
INSERT INTO `sys_role_menu` VALUES (2, 1050);
INSERT INTO `sys_role_menu` VALUES (2, 1051);
INSERT INTO `sys_role_menu` VALUES (2, 1052);
INSERT INTO `sys_role_menu` VALUES (2, 1053);
INSERT INTO `sys_role_menu` VALUES (2, 1054);
INSERT INTO `sys_role_menu` VALUES (2, 1055);
INSERT INTO `sys_role_menu` VALUES (2, 1056);
INSERT INTO `sys_role_menu` VALUES (2, 1057);
INSERT INTO `sys_role_menu` VALUES (2, 1058);
INSERT INTO `sys_role_menu` VALUES (2, 1059);
INSERT INTO `sys_role_menu` VALUES (2, 1060);
INSERT INTO `sys_role_menu` VALUES (2, 1061);

-- ----------------------------
-- Table structure for sys_user
-- ----------------------------
DROP TABLE IF EXISTS `sys_user`;
CREATE TABLE `sys_user`  (
  `user_id` bigint(20) NOT NULL AUTO_INCREMENT COMMENT '用户ID',
  `dept_id` bigint(20) NULL DEFAULT NULL COMMENT '部门ID',
  `login_name` varchar(30) CHARACTER SET utf8 COLLATE utf8_general_ci NOT NULL COMMENT '登录账号',
  `user_name` varchar(30) CHARACTER SET utf8 COLLATE utf8_general_ci NULL DEFAULT '' COMMENT '用户昵称',
  `user_type` varchar(2) CHARACTER SET utf8 COLLATE utf8_general_ci NULL DEFAULT '00' COMMENT '用户类型（00系统用户 01注册用户）',
  `email` varchar(50) CHARACTER SET utf8 COLLATE utf8_general_ci NULL DEFAULT '' COMMENT '用户邮箱',
  `phonenumber` varchar(11) CHARACTER SET utf8 COLLATE utf8_general_ci NULL DEFAULT '' COMMENT '手机号码',
  `sex` char(1) CHARACTER SET utf8 COLLATE utf8_general_ci NULL DEFAULT '0' COMMENT '用户性别（0男 1女 2未知）',
  `avatar` varchar(100) CHARACTER SET utf8 COLLATE utf8_general_ci NULL DEFAULT '' COMMENT '头像路径',
  `password` varchar(50) CHARACTER SET utf8 COLLATE utf8_general_ci NULL DEFAULT '' COMMENT '密码',
  `salt` varchar(20) CHARACTER SET utf8 COLLATE utf8_general_ci NULL DEFAULT '' COMMENT '盐加密',
  `status` char(1) CHARACTER SET utf8 COLLATE utf8_general_ci NULL DEFAULT '0' COMMENT '帐号状态（0正常 1停用）',
  `del_flag` char(1) CHARACTER SET utf8 COLLATE utf8_general_ci NULL DEFAULT '0' COMMENT '删除标志（0代表存在 2代表删除）',
  `login_ip` varchar(50) CHARACTER SET utf8 COLLATE utf8_general_ci NULL DEFAULT '' COMMENT '最后登陆IP',
  `login_date` datetime(0) NULL DEFAULT NULL COMMENT '最后登陆时间',
  `create_by` varchar(64) CHARACTER SET utf8 COLLATE utf8_general_ci NULL DEFAULT '' COMMENT '创建者',
  `create_time` datetime(0) NULL DEFAULT NULL COMMENT '创建时间',
  `update_by` varchar(64) CHARACTER SET utf8 COLLATE utf8_general_ci NULL DEFAULT '' COMMENT '更新者',
  `update_time` datetime(0) NULL DEFAULT NULL COMMENT '更新时间',
  `remark` varchar(500) CHARACTER SET utf8 COLLATE utf8_general_ci NULL DEFAULT NULL COMMENT '备注',
  PRIMARY KEY (`user_id`) USING BTREE
) ENGINE = InnoDB AUTO_INCREMENT = 101 CHARACTER SET = utf8 COLLATE = utf8_general_ci COMMENT = '用户信息表' ROW_FORMAT = Dynamic;

-- ----------------------------
-- Records of sys_user
-- ----------------------------
INSERT INTO `sys_user` VALUES (1, 103, 'admin', '若依', '00', 'ry@163.com', '15888888888', '1', '/profile/avatar/2020/06/18/8817da7e6c988037314a41830f20cb58.png', '29c67a30398638269fe600f73a054934', '111111', '0', '0', '127.0.0.1', '2020-06-18 19:42:26', 'admin', '2018-03-16 11:33:00', 'admin', '2020-06-18 15:26:33', '管理员');
INSERT INTO `sys_user` VALUES (2, 105, 'ry', '若依', '00', 'ry@qq.com', '15666666666', '1', '', '8e6d98b90472783cc73c17047ddccf36', '222222', '0', '0', '127.0.0.1', '2018-03-16 11:33:00', 'admin', '2018-03-16 11:33:00', 'ry', '2018-03-16 11:33:00', '测试员');
INSERT INTO `sys_user` VALUES (100, 103, '11', '111', '00', '1@2.com', '15753340312', '0', '', 'e7eaf41f2540d155ffe3827f64b38b0c', 'd58fe8', '0', '0', '', NULL, 'admin', '2020-06-17 23:36:51', 'admin', '2020-06-18 11:17:49', 'dsaa');

-- ----------------------------
-- Table structure for sys_user_online
-- ----------------------------
DROP TABLE IF EXISTS `sys_user_online`;
CREATE TABLE `sys_user_online`  (
  `session_id` varchar(50) CHARACTER SET utf8 COLLATE utf8_general_ci NOT NULL DEFAULT '' COMMENT '用户会话id',
  `login_name` varchar(50) CHARACTER SET utf8 COLLATE utf8_general_ci NULL DEFAULT '' COMMENT '登录账号',
  `dept_name` varchar(50) CHARACTER SET utf8 COLLATE utf8_general_ci NULL DEFAULT '' COMMENT '部门名称',
  `ipaddr` varchar(50) CHARACTER SET utf8 COLLATE utf8_general_ci NULL DEFAULT '' COMMENT '登录IP地址',
  `login_location` varchar(255) CHARACTER SET utf8 COLLATE utf8_general_ci NULL DEFAULT '' COMMENT '登录地点',
  `browser` varchar(50) CHARACTER SET utf8 COLLATE utf8_general_ci NULL DEFAULT '' COMMENT '浏览器类型',
  `os` varchar(50) CHARACTER SET utf8 COLLATE utf8_general_ci NULL DEFAULT '' COMMENT '操作系统',
  `status` varchar(10) CHARACTER SET utf8 COLLATE utf8_general_ci NULL DEFAULT '' COMMENT '在线状态on_line在线off_line离线',
  `start_timestamp` datetime(0) NULL DEFAULT NULL COMMENT 'session创建时间',
  `last_access_time` datetime(0) NULL DEFAULT NULL COMMENT 'session最后访问时间',
  `expire_time` int(5) NULL DEFAULT 0 COMMENT '超时时间，单位为分钟',
  `create_by` varchar(255) CHARACTER SET utf8 COLLATE utf8_general_ci NULL DEFAULT NULL COMMENT '添加人',
  `create_time` datetime(0) NULL DEFAULT NULL COMMENT '添加时间',
  `update_by` varchar(255) CHARACTER SET utf8 COLLATE utf8_general_ci NULL DEFAULT NULL COMMENT '修改人',
  `update_time` datetime(0) NULL DEFAULT NULL COMMENT '修改时间',
  PRIMARY KEY (`session_id`) USING BTREE
) ENGINE = InnoDB CHARACTER SET = utf8 COLLATE = utf8_general_ci COMMENT = '在线用户记录' ROW_FORMAT = Dynamic;

-- ----------------------------
-- Records of sys_user_online
-- ----------------------------
INSERT INTO `sys_user_online` VALUES ('21f3c831-a1de-456b-b8d2-b70084f6c207', 'admin', '研发部门', '127.0.0.1', '内网IP', 'Chrome', 'Windows 10', '在线', '2020-06-18 19:42:23', '2020-06-18 19:42:26', 1800000, NULL, NULL, NULL, NULL);

-- ----------------------------
-- Table structure for sys_user_post
-- ----------------------------
DROP TABLE IF EXISTS `sys_user_post`;
CREATE TABLE `sys_user_post`  (
  `user_id` bigint(20) NOT NULL COMMENT '用户ID',
  `post_id` bigint(20) NOT NULL COMMENT '岗位ID',
  PRIMARY KEY (`user_id`, `post_id`) USING BTREE
) ENGINE = InnoDB CHARACTER SET = utf8 COLLATE = utf8_general_ci COMMENT = '用户与岗位关联表' ROW_FORMAT = Dynamic;

-- ----------------------------
-- Records of sys_user_post
-- ----------------------------
INSERT INTO `sys_user_post` VALUES (1, 1);
INSERT INTO `sys_user_post` VALUES (2, 2);

-- ----------------------------
-- Table structure for sys_user_role
-- ----------------------------
DROP TABLE IF EXISTS `sys_user_role`;
CREATE TABLE `sys_user_role`  (
  `user_id` bigint(20) NOT NULL COMMENT '用户ID',
  `role_id` bigint(20) NOT NULL COMMENT '角色ID',
  PRIMARY KEY (`user_id`, `role_id`) USING BTREE
) ENGINE = InnoDB CHARACTER SET = utf8 COLLATE = utf8_general_ci COMMENT = '用户和角色关联表' ROW_FORMAT = Dynamic;

-- ----------------------------
-- Records of sys_user_role
-- ----------------------------
INSERT INTO `sys_user_role` VALUES (1, 1);
INSERT INTO `sys_user_role` VALUES (100, 2);

SET FOREIGN_KEY_CHECKS = 1;
